-- phpMyAdmin SQL Dump
-- version 5.2.1
-- https://www.phpmyadmin.net/
--
-- Host: 127.0.0.1
-- Generation Time: Apr 11, 2025 at 01:24 PM
-- Server version: 10.4.32-MariaDB
-- PHP Version: 8.2.12

SET SQL_MODE = "NO_AUTO_VALUE_ON_ZERO";
START TRANSACTION;
SET time_zone = "+00:00";


/*!40101 SET @OLD_CHARACTER_SET_CLIENT=@@CHARACTER_SET_CLIENT */;
/*!40101 SET @OLD_CHARACTER_SET_RESULTS=@@CHARACTER_SET_RESULTS */;
/*!40101 SET @OLD_COLLATION_CONNECTION=@@COLLATION_CONNECTION */;
/*!40101 SET NAMES utf8mb4 */;

--
-- Database: `st_alphonsus`
--

-- --------------------------------------------------------

--
-- Table structure for table `administrators`
--

CREATE TABLE `administrators` (
  `id` int(11) NOT NULL,
  `username` varchar(50) NOT NULL,
  `password` varchar(255) NOT NULL
) ENGINE=InnoDB DEFAULT CHARSET=utf8mb4 COLLATE=utf8mb4_general_ci;

--
-- Dumping data for table `administrators`
--

INSERT INTO `administrators` (`id`, `username`, `password`) VALUES
(1, 'admin', '$2y$10$/g8q4WbhcWPpYWHwYI67heW0IPwOB1aiZHwPQPd1biUafah8soB/q');

-- --------------------------------------------------------

--
-- Table structure for table `attendance`
--

CREATE TABLE `attendance` (
  `AttendanceID` int(11) NOT NULL,
  `PupilID` int(11) DEFAULT NULL,
  `ClassID` int(11) DEFAULT NULL,
  `AttendanceDate` date DEFAULT NULL,
  `Status` enum('Present','Absent') DEFAULT NULL,
  `Notes` text DEFAULT NULL
) ENGINE=InnoDB DEFAULT CHARSET=utf8mb4 COLLATE=utf8mb4_general_ci;

--
-- Dumping data for table `attendance`
--

INSERT INTO `attendance` (`AttendanceID`, `PupilID`, `ClassID`, `AttendanceDate`, `Status`, `Notes`) VALUES
(1, 7, 1, '2025-04-03', 'Absent', ''),
(2, 9, 3, '2025-04-03', 'Present', ''),
(3, 9, 3, '2025-04-07', 'Absent', ''),
(4, 7, 1, '2025-04-08', 'Present', ''),
(5, 23, 1, '2025-04-08', 'Absent', ''),
(6, 25, 1, '2025-04-08', 'Present', ''),
(7, 28, 1, '2025-04-08', 'Absent', ''),
(8, 30, 1, '2025-04-08', 'Present', ''),
(9, 35, 1, '2025-04-08', 'Absent', ''),
(10, 37, 1, '2025-04-08', 'Absent', ''),
(11, 43, 1, '2025-04-08', 'Present', ''),
(12, 44, 1, '2025-04-08', 'Present', ''),
(13, 45, 1, '2025-04-08', 'Absent', ''),
(14, 7, 1, '2025-04-08', 'Present', ''),
(15, 23, 1, '2025-04-08', 'Absent', ''),
(16, 25, 1, '2025-04-08', 'Present', ''),
(17, 28, 1, '2025-04-08', 'Absent', ''),
(18, 30, 1, '2025-04-08', 'Present', ''),
(19, 35, 1, '2025-04-08', 'Absent', ''),
(20, 37, 1, '2025-04-08', 'Absent', ''),
(21, 43, 1, '2025-04-08', 'Present', ''),
(22, 44, 1, '2025-04-08', 'Present', ''),
(23, 45, 1, '2025-04-08', 'Absent', ''),
(24, 7, 1, '2025-04-08', 'Absent', ''),
(25, 23, 1, '2025-04-08', 'Absent', ''),
(26, 25, 1, '2025-04-08', 'Absent', ''),
(27, 28, 1, '2025-04-08', 'Absent', ''),
(28, 30, 1, '2025-04-08', 'Present', ''),
(29, 35, 1, '2025-04-08', 'Present', ''),
(30, 37, 1, '2025-04-08', 'Absent', ''),
(31, 43, 1, '2025-04-08', 'Absent', ''),
(32, 44, 1, '2025-04-08', 'Present', ''),
(33, 45, 1, '2025-04-08', 'Absent', ''),
(34, 36, 6, '2025-04-08', 'Present', ''),
(35, 38, 6, '2025-04-08', 'Present', ''),
(36, 57, 6, '2025-04-08', 'Present', ''),
(37, 78, 6, '2025-04-08', 'Present', ''),
(38, 79, 6, '2025-04-08', 'Present', ''),
(39, 80, 6, '2025-04-08', 'Present', ''),
(40, 81, 6, '2025-04-08', 'Present', ''),
(41, 82, 6, '2025-04-08', 'Present', ''),
(42, 36, 6, '2025-04-08', 'Absent', ''),
(43, 38, 6, '2025-04-08', 'Absent', ''),
(44, 57, 6, '2025-04-08', 'Absent', ''),
(45, 78, 6, '2025-04-08', 'Absent', ''),
(46, 79, 6, '2025-04-08', 'Absent', ''),
(47, 80, 6, '2025-04-08', 'Absent', ''),
(48, 81, 6, '2025-04-08', 'Absent', ''),
(49, 82, 6, '2025-04-08', 'Absent', ''),
(50, 36, 6, '2025-04-08', 'Present', ''),
(51, 38, 6, '2025-04-08', 'Present', ''),
(52, 57, 6, '2025-04-08', 'Present', ''),
(53, 78, 6, '2025-04-08', 'Present', ''),
(54, 79, 6, '2025-04-08', 'Present', ''),
(55, 80, 6, '2025-04-08', 'Present', ''),
(56, 81, 6, '2025-04-08', 'Present', ''),
(57, 82, 6, '2025-04-08', 'Present', ''),
(58, 36, 6, '2025-04-08', 'Present', ''),
(59, 38, 6, '2025-04-08', 'Present', ''),
(60, 57, 6, '2025-04-08', 'Present', ''),
(61, 78, 6, '2025-04-08', 'Present', ''),
(62, 79, 6, '2025-04-08', 'Present', ''),
(63, 80, 6, '2025-04-08', 'Present', ''),
(64, 81, 6, '2025-04-08', 'Present', ''),
(65, 82, 6, '2025-04-08', 'Present', ''),
(66, 36, 6, '2025-04-08', 'Absent', ''),
(67, 38, 6, '2025-04-08', 'Absent', ''),
(68, 57, 6, '2025-04-08', 'Absent', ''),
(69, 78, 6, '2025-04-08', 'Absent', ''),
(70, 79, 6, '2025-04-08', 'Absent', ''),
(71, 80, 6, '2025-04-08', 'Absent', ''),
(72, 81, 6, '2025-04-08', 'Absent', ''),
(73, 82, 6, '2025-04-08', 'Absent', ''),
(74, 36, 6, '2025-04-08', 'Absent', ''),
(75, 38, 6, '2025-04-08', 'Absent', ''),
(76, 57, 6, '2025-04-08', 'Absent', ''),
(77, 78, 6, '2025-04-08', 'Absent', ''),
(78, 79, 6, '2025-04-08', 'Absent', ''),
(79, 80, 6, '2025-04-08', 'Absent', ''),
(80, 81, 6, '2025-04-08', 'Absent', ''),
(81, 82, 6, '2025-04-08', 'Absent', ''),
(82, 36, 6, '2025-04-08', 'Present', ''),
(83, 38, 6, '2025-04-08', 'Absent', ''),
(84, 57, 6, '2025-04-08', 'Absent', ''),
(85, 78, 6, '2025-04-08', 'Present', ''),
(86, 79, 6, '2025-04-08', 'Absent', ''),
(87, 80, 6, '2025-04-08', 'Present', ''),
(88, 81, 6, '2025-04-08', 'Absent', ''),
(89, 82, 6, '2025-04-08', 'Present', ''),
(90, 36, 6, '2025-04-08', 'Present', ''),
(91, 38, 6, '2025-04-08', 'Absent', ''),
(92, 57, 6, '2025-04-08', 'Absent', ''),
(93, 78, 6, '2025-04-08', 'Present', ''),
(94, 79, 6, '2025-04-08', 'Absent', ''),
(95, 80, 6, '2025-04-08', 'Present', ''),
(96, 81, 6, '2025-04-08', 'Absent', ''),
(97, 82, 6, '2025-04-08', 'Present', ''),
(98, 36, 6, '2025-04-08', 'Present', ''),
(99, 38, 6, '2025-04-08', 'Absent', ''),
(100, 57, 6, '2025-04-08', 'Absent', ''),
(101, 78, 6, '2025-04-08', 'Present', ''),
(102, 79, 6, '2025-04-08', 'Absent', ''),
(103, 80, 6, '2025-04-08', 'Present', ''),
(104, 81, 6, '2025-04-08', 'Absent', ''),
(105, 82, 6, '2025-04-08', 'Present', ''),
(106, 36, 6, '2025-04-08', 'Present', ''),
(107, 38, 6, '2025-04-08', 'Absent', ''),
(108, 57, 6, '2025-04-08', 'Absent', ''),
(109, 78, 6, '2025-04-08', 'Present', ''),
(110, 79, 6, '2025-04-08', 'Absent', ''),
(111, 80, 6, '2025-04-08', 'Present', ''),
(112, 81, 6, '2025-04-08', 'Absent', ''),
(113, 82, 6, '2025-04-08', 'Present', ''),
(114, 36, 6, '2025-04-08', 'Present', ''),
(115, 38, 6, '2025-04-08', 'Absent', ''),
(116, 57, 6, '2025-04-08', 'Absent', ''),
(117, 78, 6, '2025-04-08', 'Present', ''),
(118, 79, 6, '2025-04-08', 'Absent', ''),
(119, 80, 6, '2025-04-08', 'Present', ''),
(120, 81, 6, '2025-04-08', 'Absent', ''),
(121, 82, 6, '2025-04-08', 'Present', ''),
(122, 36, 6, '2025-04-08', 'Present', ''),
(123, 38, 6, '2025-04-08', 'Absent', ''),
(124, 57, 6, '2025-04-08', 'Absent', ''),
(125, 78, 6, '2025-04-08', 'Present', ''),
(126, 79, 6, '2025-04-08', 'Absent', ''),
(127, 80, 6, '2025-04-08', 'Present', ''),
(128, 81, 6, '2025-04-08', 'Absent', ''),
(129, 82, 6, '2025-04-08', 'Present', ''),
(130, 36, 6, '2025-04-08', 'Absent', ''),
(131, 38, 6, '2025-04-08', 'Present', ''),
(132, 57, 6, '2025-04-08', 'Present', ''),
(133, 78, 6, '2025-04-08', 'Absent', ''),
(134, 79, 6, '2025-04-08', 'Absent', ''),
(135, 80, 6, '2025-04-08', 'Present', ''),
(136, 81, 6, '2025-04-08', 'Present', ''),
(137, 82, 6, '2025-04-08', 'Absent', ''),
(138, 36, 6, '2025-04-08', 'Absent', ''),
(139, 38, 6, '2025-04-08', 'Present', ''),
(140, 57, 6, '2025-04-08', 'Present', ''),
(141, 78, 6, '2025-04-08', 'Absent', ''),
(142, 79, 6, '2025-04-08', 'Absent', ''),
(143, 80, 6, '2025-04-08', 'Present', ''),
(144, 81, 6, '2025-04-08', 'Present', ''),
(145, 82, 6, '2025-04-08', 'Absent', ''),
(146, 36, 6, '2025-04-08', 'Absent', ''),
(147, 38, 6, '2025-04-08', 'Present', ''),
(148, 57, 6, '2025-04-08', 'Present', ''),
(149, 78, 6, '2025-04-08', 'Absent', ''),
(150, 79, 6, '2025-04-08', 'Absent', ''),
(151, 80, 6, '2025-04-08', 'Present', ''),
(152, 81, 6, '2025-04-08', 'Present', ''),
(153, 82, 6, '2025-04-08', 'Absent', ''),
(154, 36, 6, '2025-04-08', 'Absent', ''),
(155, 38, 6, '2025-04-08', 'Present', ''),
(156, 57, 6, '2025-04-08', 'Present', ''),
(157, 78, 6, '2025-04-08', 'Absent', ''),
(158, 79, 6, '2025-04-08', 'Absent', ''),
(159, 80, 6, '2025-04-08', 'Present', ''),
(160, 81, 6, '2025-04-08', 'Present', ''),
(161, 82, 6, '2025-04-08', 'Absent', ''),
(162, 36, 6, '2025-04-08', 'Absent', ''),
(163, 38, 6, '2025-04-08', 'Present', ''),
(164, 57, 6, '2025-04-08', 'Present', ''),
(165, 78, 6, '2025-04-08', 'Absent', ''),
(166, 79, 6, '2025-04-08', 'Absent', ''),
(167, 80, 6, '2025-04-08', 'Present', ''),
(168, 81, 6, '2025-04-08', 'Present', ''),
(169, 82, 6, '2025-04-08', 'Absent', ''),
(170, 12, 8, '2025-04-08', 'Absent', ''),
(171, 13, 8, '2025-04-08', 'Absent', ''),
(172, 14, 8, '2025-04-08', 'Absent', ''),
(173, 15, 8, '2025-04-08', 'Absent', ''),
(174, 16, 8, '2025-04-08', 'Absent', ''),
(175, 17, 8, '2025-04-08', 'Present', ''),
(176, 18, 8, '2025-04-08', 'Present', ''),
(177, 19, 8, '2025-04-08', 'Present', ''),
(178, 20, 8, '2025-04-08', 'Present', ''),
(179, 21, 8, '2025-04-08', 'Present', ''),
(180, 22, 8, '2025-04-08', 'Present', ''),
(181, 12, 8, '2025-04-08', 'Absent', ''),
(182, 13, 8, '2025-04-08', 'Absent', ''),
(183, 14, 8, '2025-04-08', 'Absent', ''),
(184, 15, 8, '2025-04-08', 'Absent', ''),
(185, 16, 8, '2025-04-08', 'Absent', ''),
(186, 17, 8, '2025-04-08', 'Present', ''),
(187, 18, 8, '2025-04-08', 'Present', ''),
(188, 19, 8, '2025-04-08', 'Present', ''),
(189, 20, 8, '2025-04-08', 'Present', ''),
(190, 21, 8, '2025-04-08', 'Present', ''),
(191, 22, 8, '2025-04-08', 'Present', ''),
(192, 12, 8, '2025-04-08', 'Absent', ''),
(193, 13, 8, '2025-04-08', 'Absent', ''),
(194, 14, 8, '2025-04-08', 'Absent', ''),
(195, 15, 8, '2025-04-08', 'Absent', ''),
(196, 16, 8, '2025-04-08', 'Absent', ''),
(197, 17, 8, '2025-04-08', 'Present', ''),
(198, 18, 8, '2025-04-08', 'Present', ''),
(199, 19, 8, '2025-04-08', 'Present', ''),
(200, 20, 8, '2025-04-08', 'Present', ''),
(201, 21, 8, '2025-04-08', 'Present', ''),
(202, 22, 8, '2025-04-08', 'Present', ''),
(203, 12, 8, '2025-04-08', 'Absent', ''),
(204, 13, 8, '2025-04-08', 'Absent', ''),
(205, 14, 8, '2025-04-08', 'Absent', ''),
(206, 15, 8, '2025-04-08', 'Absent', ''),
(207, 16, 8, '2025-04-08', 'Absent', ''),
(208, 17, 8, '2025-04-08', 'Present', ''),
(209, 18, 8, '2025-04-08', 'Present', ''),
(210, 19, 8, '2025-04-08', 'Present', ''),
(211, 20, 8, '2025-04-08', 'Present', ''),
(212, 21, 8, '2025-04-08', 'Present', ''),
(213, 22, 8, '2025-04-08', 'Present', ''),
(214, 12, 8, '2025-04-08', 'Absent', ''),
(215, 13, 8, '2025-04-08', 'Absent', ''),
(216, 14, 8, '2025-04-08', 'Absent', ''),
(217, 15, 8, '2025-04-08', 'Absent', ''),
(218, 16, 8, '2025-04-08', 'Absent', ''),
(219, 17, 8, '2025-04-08', 'Present', ''),
(220, 18, 8, '2025-04-08', 'Present', ''),
(221, 19, 8, '2025-04-08', 'Present', ''),
(222, 20, 8, '2025-04-08', 'Present', ''),
(223, 21, 8, '2025-04-08', 'Present', ''),
(224, 22, 8, '2025-04-08', 'Present', ''),
(225, 12, 8, '2025-04-08', 'Absent', ''),
(226, 13, 8, '2025-04-08', 'Absent', ''),
(227, 14, 8, '2025-04-08', 'Absent', ''),
(228, 15, 8, '2025-04-08', 'Absent', ''),
(229, 16, 8, '2025-04-08', 'Absent', ''),
(230, 17, 8, '2025-04-08', 'Present', ''),
(231, 18, 8, '2025-04-08', 'Present', ''),
(232, 19, 8, '2025-04-08', 'Present', ''),
(233, 20, 8, '2025-04-08', 'Present', ''),
(234, 21, 8, '2025-04-08', 'Present', ''),
(235, 22, 8, '2025-04-08', 'Present', ''),
(236, 12, 8, '2025-04-08', 'Absent', ''),
(237, 13, 8, '2025-04-08', 'Absent', ''),
(238, 14, 8, '2025-04-08', 'Absent', ''),
(239, 15, 8, '2025-04-08', 'Absent', ''),
(240, 16, 8, '2025-04-08', 'Absent', ''),
(241, 17, 8, '2025-04-08', 'Present', ''),
(242, 18, 8, '2025-04-08', 'Present', ''),
(243, 19, 8, '2025-04-08', 'Present', ''),
(244, 20, 8, '2025-04-08', 'Present', ''),
(245, 21, 8, '2025-04-08', 'Present', ''),
(246, 22, 8, '2025-04-08', 'Present', ''),
(247, 12, 8, '2025-04-08', 'Absent', ''),
(248, 13, 8, '2025-04-08', 'Absent', ''),
(249, 14, 8, '2025-04-08', 'Absent', ''),
(250, 15, 8, '2025-04-08', 'Absent', ''),
(251, 16, 8, '2025-04-08', 'Absent', ''),
(252, 17, 8, '2025-04-08', 'Present', ''),
(253, 18, 8, '2025-04-08', 'Present', ''),
(254, 19, 8, '2025-04-08', 'Present', ''),
(255, 20, 8, '2025-04-08', 'Present', ''),
(256, 21, 8, '2025-04-08', 'Present', ''),
(257, 22, 8, '2025-04-08', 'Present', ''),
(258, 12, 8, '2025-04-08', 'Absent', ''),
(259, 13, 8, '2025-04-08', 'Absent', ''),
(260, 14, 8, '2025-04-08', 'Absent', ''),
(261, 15, 8, '2025-04-08', 'Absent', ''),
(262, 16, 8, '2025-04-08', 'Absent', ''),
(263, 17, 8, '2025-04-08', 'Present', ''),
(264, 18, 8, '2025-04-08', 'Present', ''),
(265, 19, 8, '2025-04-08', 'Present', ''),
(266, 20, 8, '2025-04-08', 'Present', ''),
(267, 21, 8, '2025-04-08', 'Present', ''),
(268, 22, 8, '2025-04-08', 'Present', ''),
(269, 12, 8, '2025-04-08', 'Absent', ''),
(270, 13, 8, '2025-04-08', 'Absent', ''),
(271, 14, 8, '2025-04-08', 'Absent', ''),
(272, 15, 8, '2025-04-08', 'Absent', ''),
(273, 16, 8, '2025-04-08', 'Present', ''),
(274, 17, 8, '2025-04-08', 'Absent', ''),
(275, 18, 8, '2025-04-08', 'Absent', ''),
(276, 19, 8, '2025-04-08', 'Absent', ''),
(277, 20, 8, '2025-04-08', 'Absent', ''),
(278, 21, 8, '2025-04-08', 'Absent', ''),
(279, 22, 8, '2025-04-08', 'Present', ''),
(280, 12, 8, '2025-04-08', 'Absent', ''),
(281, 13, 8, '2025-04-08', 'Absent', ''),
(282, 14, 8, '2025-04-08', 'Absent', ''),
(283, 15, 8, '2025-04-08', 'Absent', ''),
(284, 16, 8, '2025-04-08', 'Present', ''),
(285, 17, 8, '2025-04-08', 'Absent', ''),
(286, 18, 8, '2025-04-08', 'Absent', ''),
(287, 19, 8, '2025-04-08', 'Absent', ''),
(288, 20, 8, '2025-04-08', 'Absent', ''),
(289, 21, 8, '2025-04-08', 'Absent', ''),
(290, 22, 8, '2025-04-08', 'Present', ''),
(291, 12, 8, '2025-04-08', 'Absent', ''),
(292, 13, 8, '2025-04-08', 'Absent', ''),
(293, 14, 8, '2025-04-08', 'Absent', ''),
(294, 15, 8, '2025-04-08', 'Absent', ''),
(295, 16, 8, '2025-04-08', 'Present', ''),
(296, 17, 8, '2025-04-08', 'Absent', ''),
(297, 18, 8, '2025-04-08', 'Absent', ''),
(298, 19, 8, '2025-04-08', 'Absent', ''),
(299, 20, 8, '2025-04-08', 'Absent', ''),
(300, 21, 8, '2025-04-08', 'Absent', ''),
(301, 22, 8, '2025-04-08', 'Present', ''),
(302, 12, 8, '2025-04-08', 'Absent', ''),
(303, 13, 8, '2025-04-08', 'Absent', ''),
(304, 14, 8, '2025-04-08', 'Absent', ''),
(305, 15, 8, '2025-04-08', 'Absent', ''),
(306, 16, 8, '2025-04-08', 'Present', ''),
(307, 17, 8, '2025-04-08', 'Absent', ''),
(308, 18, 8, '2025-04-08', 'Absent', ''),
(309, 19, 8, '2025-04-08', 'Absent', ''),
(310, 20, 8, '2025-04-08', 'Absent', ''),
(311, 21, 8, '2025-04-08', 'Absent', ''),
(312, 22, 8, '2025-04-08', 'Present', ''),
(313, 12, 8, '2025-04-08', 'Absent', ''),
(314, 13, 8, '2025-04-08', 'Absent', ''),
(315, 14, 8, '2025-04-08', 'Absent', ''),
(316, 15, 8, '2025-04-08', 'Absent', ''),
(317, 16, 8, '2025-04-08', 'Present', ''),
(318, 17, 8, '2025-04-08', 'Absent', ''),
(319, 18, 8, '2025-04-08', 'Absent', ''),
(320, 19, 8, '2025-04-08', 'Absent', ''),
(321, 20, 8, '2025-04-08', 'Absent', ''),
(322, 21, 8, '2025-04-08', 'Absent', ''),
(323, 22, 8, '2025-04-08', 'Present', ''),
(324, 12, 8, '2025-04-08', 'Absent', ''),
(325, 13, 8, '2025-04-08', 'Absent', ''),
(326, 14, 8, '2025-04-08', 'Absent', ''),
(327, 15, 8, '2025-04-08', 'Absent', ''),
(328, 16, 8, '2025-04-08', 'Present', ''),
(329, 17, 8, '2025-04-08', 'Absent', ''),
(330, 18, 8, '2025-04-08', 'Absent', ''),
(331, 19, 8, '2025-04-08', 'Absent', ''),
(332, 20, 8, '2025-04-08', 'Absent', ''),
(333, 21, 8, '2025-04-08', 'Absent', ''),
(334, 22, 8, '2025-04-08', 'Present', ''),
(335, 12, 8, '2025-04-08', 'Absent', ''),
(336, 13, 8, '2025-04-08', 'Absent', ''),
(337, 14, 8, '2025-04-08', 'Absent', ''),
(338, 15, 8, '2025-04-08', 'Absent', ''),
(339, 16, 8, '2025-04-08', 'Present', ''),
(340, 17, 8, '2025-04-08', 'Absent', ''),
(341, 18, 8, '2025-04-08', 'Absent', ''),
(342, 19, 8, '2025-04-08', 'Absent', ''),
(343, 20, 8, '2025-04-08', 'Absent', ''),
(344, 21, 8, '2025-04-08', 'Absent', ''),
(345, 22, 8, '2025-04-08', 'Present', ''),
(346, 12, 8, '2025-04-08', 'Absent', ''),
(347, 13, 8, '2025-04-08', 'Absent', ''),
(348, 14, 8, '2025-04-08', 'Absent', ''),
(349, 15, 8, '2025-04-08', 'Absent', ''),
(350, 16, 8, '2025-04-08', 'Present', ''),
(351, 17, 8, '2025-04-08', 'Absent', ''),
(352, 18, 8, '2025-04-08', 'Absent', ''),
(353, 19, 8, '2025-04-08', 'Absent', ''),
(354, 20, 8, '2025-04-08', 'Absent', ''),
(355, 21, 8, '2025-04-08', 'Absent', ''),
(356, 22, 8, '2025-04-08', 'Present', ''),
(357, 12, 8, '2025-04-08', 'Present', ''),
(358, 13, 8, '2025-04-08', 'Present', ''),
(359, 14, 8, '2025-04-08', 'Present', ''),
(360, 15, 8, '2025-04-08', 'Present', ''),
(361, 16, 8, '2025-04-08', 'Present', ''),
(362, 17, 8, '2025-04-08', 'Present', ''),
(363, 18, 8, '2025-04-08', 'Present', ''),
(364, 19, 8, '2025-04-08', 'Absent', ''),
(365, 20, 8, '2025-04-08', 'Absent', ''),
(366, 21, 8, '2025-04-08', 'Present', ''),
(367, 22, 8, '2025-04-08', 'Present', ''),
(368, 12, 8, '2025-04-08', 'Present', ''),
(369, 13, 8, '2025-04-08', 'Present', ''),
(370, 14, 8, '2025-04-08', 'Present', ''),
(371, 15, 8, '2025-04-08', 'Present', ''),
(372, 16, 8, '2025-04-08', 'Present', ''),
(373, 17, 8, '2025-04-08', 'Present', ''),
(374, 18, 8, '2025-04-08', 'Present', ''),
(375, 19, 8, '2025-04-08', 'Absent', ''),
(376, 20, 8, '2025-04-08', 'Absent', ''),
(377, 21, 8, '2025-04-08', 'Present', ''),
(378, 22, 8, '2025-04-08', 'Present', ''),
(379, 12, 8, '2025-04-08', 'Present', ''),
(380, 13, 8, '2025-04-08', 'Present', ''),
(381, 14, 8, '2025-04-08', 'Present', ''),
(382, 15, 8, '2025-04-08', 'Present', ''),
(383, 16, 8, '2025-04-08', 'Present', ''),
(384, 17, 8, '2025-04-08', 'Present', ''),
(385, 18, 8, '2025-04-08', 'Present', ''),
(386, 19, 8, '2025-04-08', 'Absent', ''),
(387, 20, 8, '2025-04-08', 'Absent', ''),
(388, 21, 8, '2025-04-08', 'Present', ''),
(389, 22, 8, '2025-04-08', 'Present', ''),
(390, 12, 8, '2025-04-08', 'Present', ''),
(391, 13, 8, '2025-04-08', 'Present', ''),
(392, 14, 8, '2025-04-08', 'Present', ''),
(393, 15, 8, '2025-04-08', 'Present', ''),
(394, 16, 8, '2025-04-08', 'Present', ''),
(395, 17, 8, '2025-04-08', 'Present', ''),
(396, 18, 8, '2025-04-08', 'Present', ''),
(397, 19, 8, '2025-04-08', 'Absent', ''),
(398, 20, 8, '2025-04-08', 'Absent', ''),
(399, 21, 8, '2025-04-08', 'Present', ''),
(400, 22, 8, '2025-04-08', 'Present', ''),
(401, 12, 8, '2025-04-08', 'Present', ''),
(402, 13, 8, '2025-04-08', 'Present', ''),
(403, 14, 8, '2025-04-08', 'Present', ''),
(404, 15, 8, '2025-04-08', 'Present', ''),
(405, 16, 8, '2025-04-08', 'Present', ''),
(406, 17, 8, '2025-04-08', 'Present', ''),
(407, 18, 8, '2025-04-08', 'Present', ''),
(408, 19, 8, '2025-04-08', 'Absent', ''),
(409, 20, 8, '2025-04-08', 'Absent', ''),
(410, 21, 8, '2025-04-08', 'Present', ''),
(411, 22, 8, '2025-04-08', 'Present', ''),
(412, 12, 8, '2025-04-08', 'Present', ''),
(413, 13, 8, '2025-04-08', 'Present', ''),
(414, 14, 8, '2025-04-08', 'Present', ''),
(415, 15, 8, '2025-04-08', 'Present', ''),
(416, 16, 8, '2025-04-08', 'Present', ''),
(417, 17, 8, '2025-04-08', 'Present', ''),
(418, 18, 8, '2025-04-08', 'Present', ''),
(419, 19, 8, '2025-04-08', 'Absent', ''),
(420, 20, 8, '2025-04-08', 'Absent', ''),
(421, 21, 8, '2025-04-08', 'Present', ''),
(422, 22, 8, '2025-04-08', 'Present', ''),
(423, 12, 8, '2025-04-08', 'Present', ''),
(424, 13, 8, '2025-04-08', 'Present', ''),
(425, 14, 8, '2025-04-08', 'Present', ''),
(426, 15, 8, '2025-04-08', 'Present', ''),
(427, 16, 8, '2025-04-08', 'Present', ''),
(428, 17, 8, '2025-04-08', 'Present', ''),
(429, 18, 8, '2025-04-08', 'Present', ''),
(430, 19, 8, '2025-04-08', 'Absent', ''),
(431, 20, 8, '2025-04-08', 'Absent', ''),
(432, 21, 8, '2025-04-08', 'Present', ''),
(433, 22, 8, '2025-04-08', 'Present', ''),
(434, 12, 8, '2025-04-08', 'Present', ''),
(435, 13, 8, '2025-04-08', 'Present', ''),
(436, 14, 8, '2025-04-08', 'Present', ''),
(437, 15, 8, '2025-04-08', 'Present', ''),
(438, 16, 8, '2025-04-08', 'Present', ''),
(439, 17, 8, '2025-04-08', 'Present', ''),
(440, 18, 8, '2025-04-08', 'Present', ''),
(441, 19, 8, '2025-04-08', 'Absent', ''),
(442, 20, 8, '2025-04-08', 'Absent', ''),
(443, 21, 8, '2025-04-08', 'Present', ''),
(444, 22, 8, '2025-04-08', 'Present', ''),
(445, 12, 8, '2025-04-08', 'Present', ''),
(446, 13, 8, '2025-04-08', 'Present', ''),
(447, 14, 8, '2025-04-08', 'Present', ''),
(448, 15, 8, '2025-04-08', 'Present', ''),
(449, 16, 8, '2025-04-08', 'Present', ''),
(450, 17, 8, '2025-04-08', 'Present', ''),
(451, 18, 8, '2025-04-08', 'Present', ''),
(452, 19, 8, '2025-04-08', 'Absent', ''),
(453, 20, 8, '2025-04-08', 'Absent', ''),
(454, 21, 8, '2025-04-08', 'Present', ''),
(455, 22, 8, '2025-04-08', 'Present', ''),
(456, 12, 8, '2025-04-08', 'Present', ''),
(457, 13, 8, '2025-04-08', 'Present', ''),
(458, 14, 8, '2025-04-08', 'Present', ''),
(459, 15, 8, '2025-04-08', 'Present', ''),
(460, 16, 8, '2025-04-08', 'Present', ''),
(461, 17, 8, '2025-04-08', 'Present', ''),
(462, 18, 8, '2025-04-08', 'Present', ''),
(463, 19, 8, '2025-04-08', 'Absent', ''),
(464, 20, 8, '2025-04-08', 'Absent', ''),
(465, 21, 8, '2025-04-08', 'Present', ''),
(466, 22, 8, '2025-04-08', 'Present', ''),
(467, 12, 8, '2025-04-08', 'Present', ''),
(468, 13, 8, '2025-04-08', 'Present', ''),
(469, 14, 8, '2025-04-08', 'Present', ''),
(470, 15, 8, '2025-04-08', 'Present', ''),
(471, 16, 8, '2025-04-08', 'Present', ''),
(472, 17, 8, '2025-04-08', 'Present', ''),
(473, 18, 8, '2025-04-08', 'Present', ''),
(474, 19, 8, '2025-04-08', 'Absent', ''),
(475, 20, 8, '2025-04-08', 'Absent', ''),
(476, 21, 8, '2025-04-08', 'Present', ''),
(477, 22, 8, '2025-04-08', 'Present', ''),
(478, 12, 8, '2025-04-08', 'Present', ''),
(479, 13, 8, '2025-04-08', 'Present', ''),
(480, 14, 8, '2025-04-08', 'Present', ''),
(481, 15, 8, '2025-04-08', 'Present', ''),
(482, 16, 8, '2025-04-08', 'Present', ''),
(483, 17, 8, '2025-04-08', 'Present', ''),
(484, 18, 8, '2025-04-08', 'Present', ''),
(485, 19, 8, '2025-04-08', 'Absent', ''),
(486, 20, 8, '2025-04-08', 'Absent', ''),
(487, 21, 8, '2025-04-08', 'Present', ''),
(488, 22, 8, '2025-04-08', 'Present', ''),
(489, 12, 8, '2025-04-08', 'Absent', ''),
(490, 13, 8, '2025-04-08', 'Absent', ''),
(491, 14, 8, '2025-04-08', 'Absent', ''),
(492, 15, 8, '2025-04-08', 'Absent', ''),
(493, 16, 8, '2025-04-08', 'Absent', ''),
(494, 17, 8, '2025-04-08', 'Absent', ''),
(495, 18, 8, '2025-04-08', 'Present', ''),
(496, 19, 8, '2025-04-08', 'Absent', ''),
(497, 20, 8, '2025-04-08', 'Absent', ''),
(498, 21, 8, '2025-04-08', 'Absent', ''),
(499, 22, 8, '2025-04-08', 'Absent', ''),
(500, 12, 8, '2025-04-08', 'Absent', ''),
(501, 13, 8, '2025-04-08', 'Absent', ''),
(502, 14, 8, '2025-04-08', 'Absent', ''),
(503, 15, 8, '2025-04-08', 'Absent', ''),
(504, 16, 8, '2025-04-08', 'Absent', ''),
(505, 17, 8, '2025-04-08', 'Absent', ''),
(506, 18, 8, '2025-04-08', 'Present', ''),
(507, 19, 8, '2025-04-08', 'Absent', ''),
(508, 20, 8, '2025-04-08', 'Absent', ''),
(509, 21, 8, '2025-04-08', 'Absent', ''),
(510, 22, 8, '2025-04-08', 'Absent', ''),
(511, 12, 8, '2025-04-08', 'Absent', ''),
(512, 13, 8, '2025-04-08', 'Absent', ''),
(513, 14, 8, '2025-04-08', 'Absent', ''),
(514, 15, 8, '2025-04-08', 'Absent', ''),
(515, 16, 8, '2025-04-08', 'Absent', ''),
(516, 17, 8, '2025-04-08', 'Absent', ''),
(517, 18, 8, '2025-04-08', 'Present', ''),
(518, 19, 8, '2025-04-08', 'Absent', ''),
(519, 20, 8, '2025-04-08', 'Absent', ''),
(520, 21, 8, '2025-04-08', 'Absent', ''),
(521, 22, 8, '2025-04-08', 'Absent', ''),
(522, 12, 8, '2025-04-08', 'Absent', ''),
(523, 13, 8, '2025-04-08', 'Absent', ''),
(524, 14, 8, '2025-04-08', 'Absent', ''),
(525, 15, 8, '2025-04-08', 'Absent', ''),
(526, 16, 8, '2025-04-08', 'Absent', ''),
(527, 17, 8, '2025-04-08', 'Absent', ''),
(528, 18, 8, '2025-04-08', 'Present', ''),
(529, 19, 8, '2025-04-08', 'Absent', ''),
(530, 20, 8, '2025-04-08', 'Absent', ''),
(531, 21, 8, '2025-04-08', 'Absent', ''),
(532, 22, 8, '2025-04-08', 'Absent', ''),
(533, 12, 8, '2025-04-08', 'Absent', ''),
(534, 13, 8, '2025-04-08', 'Absent', ''),
(535, 14, 8, '2025-04-08', 'Absent', ''),
(536, 15, 8, '2025-04-08', 'Absent', ''),
(537, 16, 8, '2025-04-08', 'Absent', ''),
(538, 17, 8, '2025-04-08', 'Absent', ''),
(539, 18, 8, '2025-04-08', 'Present', ''),
(540, 19, 8, '2025-04-08', 'Absent', ''),
(541, 20, 8, '2025-04-08', 'Absent', ''),
(542, 21, 8, '2025-04-08', 'Absent', ''),
(543, 22, 8, '2025-04-08', 'Absent', ''),
(544, 12, 8, '2025-04-08', 'Absent', ''),
(545, 13, 8, '2025-04-08', 'Absent', ''),
(546, 14, 8, '2025-04-08', 'Absent', ''),
(547, 15, 8, '2025-04-08', 'Absent', ''),
(548, 16, 8, '2025-04-08', 'Absent', ''),
(549, 17, 8, '2025-04-08', 'Absent', ''),
(550, 18, 8, '2025-04-08', 'Present', ''),
(551, 19, 8, '2025-04-08', 'Absent', ''),
(552, 20, 8, '2025-04-08', 'Absent', ''),
(553, 21, 8, '2025-04-08', 'Absent', ''),
(554, 22, 8, '2025-04-08', 'Absent', ''),
(555, 12, 8, '2025-04-08', 'Absent', ''),
(556, 13, 8, '2025-04-08', 'Absent', ''),
(557, 14, 8, '2025-04-08', 'Absent', ''),
(558, 15, 8, '2025-04-08', 'Absent', ''),
(559, 16, 8, '2025-04-08', 'Absent', ''),
(560, 17, 8, '2025-04-08', 'Absent', ''),
(561, 18, 8, '2025-04-08', 'Present', ''),
(562, 19, 8, '2025-04-08', 'Absent', ''),
(563, 20, 8, '2025-04-08', 'Absent', ''),
(564, 21, 8, '2025-04-08', 'Absent', ''),
(565, 22, 8, '2025-04-08', 'Absent', ''),
(566, 12, 8, '2025-04-08', 'Absent', ''),
(567, 13, 8, '2025-04-08', 'Absent', ''),
(568, 14, 8, '2025-04-08', 'Absent', ''),
(569, 15, 8, '2025-04-08', 'Absent', ''),
(570, 16, 8, '2025-04-08', 'Absent', ''),
(571, 17, 8, '2025-04-08', 'Absent', ''),
(572, 18, 8, '2025-04-08', 'Present', ''),
(573, 19, 8, '2025-04-08', 'Absent', ''),
(574, 20, 8, '2025-04-08', 'Absent', ''),
(575, 21, 8, '2025-04-08', 'Absent', ''),
(576, 22, 8, '2025-04-08', 'Absent', ''),
(577, 12, 8, '2025-04-08', 'Absent', ''),
(578, 13, 8, '2025-04-08', 'Absent', ''),
(579, 14, 8, '2025-04-08', 'Absent', ''),
(580, 15, 8, '2025-04-08', 'Absent', ''),
(581, 16, 8, '2025-04-08', 'Absent', ''),
(582, 17, 8, '2025-04-08', 'Absent', ''),
(583, 18, 8, '2025-04-08', 'Present', ''),
(584, 19, 8, '2025-04-08', 'Absent', ''),
(585, 20, 8, '2025-04-08', 'Absent', ''),
(586, 21, 8, '2025-04-08', 'Absent', ''),
(587, 22, 8, '2025-04-08', 'Absent', ''),
(588, 12, 8, '2025-04-08', 'Absent', ''),
(589, 13, 8, '2025-04-08', 'Absent', ''),
(590, 14, 8, '2025-04-08', 'Absent', ''),
(591, 15, 8, '2025-04-08', 'Absent', ''),
(592, 16, 8, '2025-04-08', 'Absent', ''),
(593, 17, 8, '2025-04-08', 'Absent', ''),
(594, 18, 8, '2025-04-08', 'Present', ''),
(595, 19, 8, '2025-04-08', 'Absent', ''),
(596, 20, 8, '2025-04-08', 'Absent', ''),
(597, 21, 8, '2025-04-08', 'Absent', ''),
(598, 22, 8, '2025-04-08', 'Absent', ''),
(599, 12, 8, '2025-04-08', 'Absent', ''),
(600, 13, 8, '2025-04-08', 'Absent', ''),
(601, 14, 8, '2025-04-08', 'Absent', ''),
(602, 15, 8, '2025-04-08', 'Absent', ''),
(603, 16, 8, '2025-04-08', 'Absent', ''),
(604, 17, 8, '2025-04-08', 'Absent', ''),
(605, 18, 8, '2025-04-08', 'Present', ''),
(606, 19, 8, '2025-04-08', 'Absent', ''),
(607, 20, 8, '2025-04-08', 'Absent', ''),
(608, 21, 8, '2025-04-08', 'Absent', ''),
(609, 22, 8, '2025-04-08', 'Absent', ''),
(610, 32, 5, '2025-04-09', 'Present', ''),
(611, 34, 5, '2025-04-09', 'Present', ''),
(612, 55, 5, '2025-04-09', 'Present', ''),
(613, 56, 5, '2025-04-09', 'Present', ''),
(614, 73, 5, '2025-04-09', 'Present', ''),
(615, 74, 5, '2025-04-09', 'Present', ''),
(616, 75, 5, '2025-04-09', 'Present', ''),
(617, 76, 5, '2025-04-09', 'Present', ''),
(618, 77, 5, '2025-04-09', 'Present', ''),
(619, 32, 5, '2025-04-09', 'Present', ''),
(620, 34, 5, '2025-04-09', 'Present', ''),
(621, 55, 5, '2025-04-09', 'Present', ''),
(622, 56, 5, '2025-04-09', 'Present', ''),
(623, 73, 5, '2025-04-09', 'Present', ''),
(624, 74, 5, '2025-04-09', 'Present', ''),
(625, 75, 5, '2025-04-09', 'Present', ''),
(626, 76, 5, '2025-04-09', 'Present', ''),
(627, 77, 5, '2025-04-09', 'Present', ''),
(628, 32, 5, '2025-04-09', 'Present', ''),
(629, 34, 5, '2025-04-09', 'Present', ''),
(630, 55, 5, '2025-04-09', 'Present', ''),
(631, 56, 5, '2025-04-09', 'Present', ''),
(632, 73, 5, '2025-04-09', 'Present', ''),
(633, 74, 5, '2025-04-09', 'Present', ''),
(634, 75, 5, '2025-04-09', 'Present', ''),
(635, 76, 5, '2025-04-09', 'Present', ''),
(636, 77, 5, '2025-04-09', 'Present', ''),
(637, 32, 5, '2025-04-09', 'Present', ''),
(638, 34, 5, '2025-04-09', 'Present', ''),
(639, 55, 5, '2025-04-09', 'Present', ''),
(640, 56, 5, '2025-04-09', 'Present', ''),
(641, 73, 5, '2025-04-09', 'Present', ''),
(642, 74, 5, '2025-04-09', 'Present', ''),
(643, 75, 5, '2025-04-09', 'Present', ''),
(644, 76, 5, '2025-04-09', 'Present', ''),
(645, 77, 5, '2025-04-09', 'Present', ''),
(646, 32, 5, '2025-04-09', 'Absent', ''),
(647, 34, 5, '2025-04-09', 'Absent', ''),
(648, 55, 5, '2025-04-09', 'Absent', ''),
(649, 56, 5, '2025-04-09', 'Absent', ''),
(650, 73, 5, '2025-04-09', 'Absent', ''),
(651, 74, 5, '2025-04-09', 'Present', ''),
(652, 75, 5, '2025-04-09', 'Present', ''),
(653, 76, 5, '2025-04-09', 'Present', ''),
(654, 77, 5, '2025-04-09', 'Present', ''),
(655, 32, 5, '2025-04-09', 'Absent', ''),
(656, 34, 5, '2025-04-09', 'Absent', ''),
(657, 55, 5, '2025-04-09', 'Absent', ''),
(658, 56, 5, '2025-04-09', 'Absent', ''),
(659, 73, 5, '2025-04-09', 'Absent', ''),
(660, 74, 5, '2025-04-09', 'Present', ''),
(661, 75, 5, '2025-04-09', 'Present', ''),
(662, 76, 5, '2025-04-09', 'Present', ''),
(663, 77, 5, '2025-04-09', 'Present', ''),
(664, 32, 5, '2025-04-09', 'Absent', ''),
(665, 34, 5, '2025-04-09', 'Absent', ''),
(666, 55, 5, '2025-04-09', 'Absent', ''),
(667, 56, 5, '2025-04-09', 'Absent', ''),
(668, 73, 5, '2025-04-09', 'Absent', ''),
(669, 74, 5, '2025-04-09', 'Present', ''),
(670, 75, 5, '2025-04-09', 'Present', ''),
(671, 76, 5, '2025-04-09', 'Present', ''),
(672, 77, 5, '2025-04-09', 'Present', ''),
(673, 32, 5, '2025-04-09', 'Absent', ''),
(674, 34, 5, '2025-04-09', 'Absent', ''),
(675, 55, 5, '2025-04-09', 'Absent', ''),
(676, 56, 5, '2025-04-09', 'Absent', ''),
(677, 73, 5, '2025-04-09', 'Absent', ''),
(678, 74, 5, '2025-04-09', 'Present', ''),
(679, 75, 5, '2025-04-09', 'Present', ''),
(680, 76, 5, '2025-04-09', 'Present', ''),
(681, 77, 5, '2025-04-09', 'Present', ''),
(682, 32, 5, '2025-04-09', 'Absent', ''),
(683, 34, 5, '2025-04-09', 'Absent', ''),
(684, 55, 5, '2025-04-09', 'Absent', ''),
(685, 56, 5, '2025-04-09', 'Absent', ''),
(686, 73, 5, '2025-04-09', 'Absent', ''),
(687, 74, 5, '2025-04-09', 'Present', ''),
(688, 75, 5, '2025-04-09', 'Present', ''),
(689, 76, 5, '2025-04-09', 'Present', ''),
(690, 77, 5, '2025-04-09', 'Present', ''),
(691, 32, 5, '2025-04-09', 'Absent', ''),
(692, 34, 5, '2025-04-09', 'Absent', ''),
(693, 55, 5, '2025-04-09', 'Absent', ''),
(694, 56, 5, '2025-04-09', 'Absent', ''),
(695, 73, 5, '2025-04-09', 'Absent', ''),
(696, 74, 5, '2025-04-09', 'Present', ''),
(697, 75, 5, '2025-04-09', 'Present', ''),
(698, 76, 5, '2025-04-09', 'Present', ''),
(699, 77, 5, '2025-04-09', 'Present', ''),
(700, 32, 5, '2025-04-09', 'Absent', ''),
(701, 34, 5, '2025-04-09', 'Absent', ''),
(702, 55, 5, '2025-04-09', 'Absent', ''),
(703, 56, 5, '2025-04-09', 'Absent', ''),
(704, 73, 5, '2025-04-09', 'Absent', ''),
(705, 74, 5, '2025-04-09', 'Present', ''),
(706, 75, 5, '2025-04-09', 'Present', ''),
(707, 76, 5, '2025-04-09', 'Present', ''),
(708, 77, 5, '2025-04-09', 'Present', ''),
(709, 32, 5, '2025-04-09', 'Absent', ''),
(710, 34, 5, '2025-04-09', 'Absent', ''),
(711, 55, 5, '2025-04-09', 'Absent', ''),
(712, 56, 5, '2025-04-09', 'Absent', ''),
(713, 73, 5, '2025-04-09', 'Absent', ''),
(714, 74, 5, '2025-04-09', 'Present', ''),
(715, 75, 5, '2025-04-09', 'Present', ''),
(716, 76, 5, '2025-04-09', 'Present', ''),
(717, 77, 5, '2025-04-09', 'Present', ''),
(718, 32, 5, '2025-04-09', 'Present', ''),
(719, 34, 5, '2025-04-09', 'Absent', ''),
(720, 55, 5, '2025-04-09', 'Present', ''),
(721, 56, 5, '2025-04-09', 'Absent', ''),
(722, 73, 5, '2025-04-09', 'Present', ''),
(723, 74, 5, '2025-04-09', 'Absent', ''),
(724, 75, 5, '2025-04-09', 'Absent', ''),
(725, 76, 5, '2025-04-09', 'Absent', ''),
(726, 77, 5, '2025-04-09', 'Absent', ''),
(727, 32, 5, '2025-04-09', 'Present', ''),
(728, 34, 5, '2025-04-09', 'Absent', ''),
(729, 55, 5, '2025-04-09', 'Present', ''),
(730, 56, 5, '2025-04-09', 'Absent', ''),
(731, 73, 5, '2025-04-09', 'Present', ''),
(732, 74, 5, '2025-04-09', 'Absent', ''),
(733, 75, 5, '2025-04-09', 'Absent', ''),
(734, 76, 5, '2025-04-09', 'Absent', ''),
(735, 77, 5, '2025-04-09', 'Absent', ''),
(736, 32, 5, '2025-04-09', 'Present', ''),
(737, 34, 5, '2025-04-09', 'Absent', ''),
(738, 55, 5, '2025-04-09', 'Present', ''),
(739, 56, 5, '2025-04-09', 'Absent', ''),
(740, 73, 5, '2025-04-09', 'Present', ''),
(741, 74, 5, '2025-04-09', 'Absent', ''),
(742, 75, 5, '2025-04-09', 'Absent', ''),
(743, 76, 5, '2025-04-09', 'Absent', ''),
(744, 77, 5, '2025-04-09', 'Absent', ''),
(745, 32, 5, '2025-04-09', 'Present', ''),
(746, 34, 5, '2025-04-09', 'Absent', ''),
(747, 55, 5, '2025-04-09', 'Present', ''),
(748, 56, 5, '2025-04-09', 'Absent', ''),
(749, 73, 5, '2025-04-09', 'Present', ''),
(750, 74, 5, '2025-04-09', 'Absent', ''),
(751, 75, 5, '2025-04-09', 'Absent', ''),
(752, 76, 5, '2025-04-09', 'Absent', ''),
(753, 77, 5, '2025-04-09', 'Absent', ''),
(754, 32, 5, '2025-04-09', 'Present', ''),
(755, 34, 5, '2025-04-09', 'Absent', ''),
(756, 55, 5, '2025-04-09', 'Present', ''),
(757, 56, 5, '2025-04-09', 'Absent', ''),
(758, 73, 5, '2025-04-09', 'Present', ''),
(759, 74, 5, '2025-04-09', 'Absent', ''),
(760, 75, 5, '2025-04-09', 'Absent', ''),
(761, 76, 5, '2025-04-09', 'Absent', ''),
(762, 77, 5, '2025-04-09', 'Absent', ''),
(763, 32, 5, '2025-04-09', 'Present', ''),
(764, 34, 5, '2025-04-09', 'Absent', ''),
(765, 55, 5, '2025-04-09', 'Present', ''),
(766, 56, 5, '2025-04-09', 'Absent', ''),
(767, 73, 5, '2025-04-09', 'Present', ''),
(768, 74, 5, '2025-04-09', 'Absent', ''),
(769, 75, 5, '2025-04-09', 'Absent', ''),
(770, 76, 5, '2025-04-09', 'Absent', ''),
(771, 77, 5, '2025-04-09', 'Absent', ''),
(772, 32, 5, '2025-04-09', 'Present', ''),
(773, 34, 5, '2025-04-09', 'Absent', ''),
(774, 55, 5, '2025-04-09', 'Present', ''),
(775, 56, 5, '2025-04-09', 'Absent', ''),
(776, 73, 5, '2025-04-09', 'Present', ''),
(777, 74, 5, '2025-04-09', 'Absent', ''),
(778, 75, 5, '2025-04-09', 'Absent', ''),
(779, 76, 5, '2025-04-09', 'Absent', ''),
(780, 77, 5, '2025-04-09', 'Absent', ''),
(781, 32, 5, '2025-04-09', 'Present', ''),
(782, 34, 5, '2025-04-09', 'Absent', ''),
(783, 55, 5, '2025-04-09', 'Present', ''),
(784, 56, 5, '2025-04-09', 'Absent', ''),
(785, 73, 5, '2025-04-09', 'Present', ''),
(786, 74, 5, '2025-04-09', 'Absent', ''),
(787, 75, 5, '2025-04-09', 'Absent', ''),
(788, 76, 5, '2025-04-09', 'Absent', ''),
(789, 77, 5, '2025-04-09', 'Absent', ''),
(790, 32, 5, '2025-04-09', 'Present', ''),
(791, 34, 5, '2025-04-09', 'Absent', ''),
(792, 55, 5, '2025-04-09', 'Present', ''),
(793, 56, 5, '2025-04-09', 'Absent', ''),
(794, 73, 5, '2025-04-09', 'Present', ''),
(795, 74, 5, '2025-04-09', 'Absent', ''),
(796, 75, 5, '2025-04-09', 'Absent', ''),
(797, 76, 5, '2025-04-09', 'Absent', ''),
(798, 77, 5, '2025-04-09', 'Absent', ''),
(799, 32, 5, '2025-04-09', 'Present', ''),
(800, 34, 5, '2025-04-09', 'Absent', ''),
(801, 55, 5, '2025-04-09', 'Present', ''),
(802, 56, 5, '2025-04-09', 'Absent', ''),
(803, 73, 5, '2025-04-09', 'Present', ''),
(804, 74, 5, '2025-04-09', 'Absent', ''),
(805, 75, 5, '2025-04-09', 'Absent', ''),
(806, 76, 5, '2025-04-09', 'Absent', ''),
(807, 77, 5, '2025-04-09', 'Absent', ''),
(808, 32, 5, '2025-04-09', 'Present', ''),
(809, 34, 5, '2025-04-09', 'Absent', ''),
(810, 55, 5, '2025-04-09', 'Present', ''),
(811, 56, 5, '2025-04-09', 'Absent', ''),
(812, 73, 5, '2025-04-09', 'Present', ''),
(813, 74, 5, '2025-04-09', 'Absent', ''),
(814, 75, 5, '2025-04-09', 'Absent', ''),
(815, 76, 5, '2025-04-09', 'Absent', ''),
(816, 77, 5, '2025-04-09', 'Absent', ''),
(817, 32, 5, '2025-04-09', 'Present', ''),
(818, 34, 5, '2025-04-09', 'Absent', ''),
(819, 55, 5, '2025-04-09', 'Present', ''),
(820, 56, 5, '2025-04-09', 'Absent', ''),
(821, 73, 5, '2025-04-09', 'Present', ''),
(822, 74, 5, '2025-04-09', 'Absent', ''),
(823, 75, 5, '2025-04-09', 'Absent', ''),
(824, 76, 5, '2025-04-09', 'Absent', ''),
(825, 77, 5, '2025-04-09', 'Absent', ''),
(826, 32, 5, '2025-04-09', 'Present', ''),
(827, 34, 5, '2025-04-09', 'Absent', ''),
(828, 55, 5, '2025-04-09', 'Present', ''),
(829, 56, 5, '2025-04-09', 'Absent', ''),
(830, 73, 5, '2025-04-09', 'Present', ''),
(831, 74, 5, '2025-04-09', 'Absent', ''),
(832, 75, 5, '2025-04-09', 'Absent', ''),
(833, 76, 5, '2025-04-09', 'Absent', ''),
(834, 77, 5, '2025-04-09', 'Absent', ''),
(835, 32, 5, '2025-04-09', 'Present', ''),
(836, 34, 5, '2025-04-09', 'Absent', ''),
(837, 55, 5, '2025-04-09', 'Present', ''),
(838, 56, 5, '2025-04-09', 'Absent', ''),
(839, 73, 5, '2025-04-09', 'Present', ''),
(840, 74, 5, '2025-04-09', 'Absent', ''),
(841, 75, 5, '2025-04-09', 'Absent', ''),
(842, 76, 5, '2025-04-09', 'Absent', ''),
(843, 77, 5, '2025-04-09', 'Absent', ''),
(844, 32, 5, '2025-04-09', 'Present', ''),
(845, 34, 5, '2025-04-09', 'Absent', ''),
(846, 55, 5, '2025-04-09', 'Present', ''),
(847, 56, 5, '2025-04-09', 'Absent', ''),
(848, 73, 5, '2025-04-09', 'Present', ''),
(849, 74, 5, '2025-04-09', 'Absent', ''),
(850, 75, 5, '2025-04-09', 'Absent', ''),
(851, 76, 5, '2025-04-09', 'Absent', ''),
(852, 77, 5, '2025-04-09', 'Absent', ''),
(853, 32, 5, '2025-04-09', 'Absent', ''),
(854, 34, 5, '2025-04-09', 'Absent', ''),
(855, 55, 5, '2025-04-09', 'Absent', ''),
(856, 56, 5, '2025-04-09', 'Absent', ''),
(857, 73, 5, '2025-04-09', 'Absent', ''),
(858, 74, 5, '2025-04-09', 'Present', ''),
(859, 75, 5, '2025-04-09', 'Absent', ''),
(860, 76, 5, '2025-04-09', 'Present', ''),
(861, 77, 5, '2025-04-09', 'Absent', ''),
(862, 32, 5, '2025-04-09', 'Absent', ''),
(863, 34, 5, '2025-04-09', 'Absent', ''),
(864, 55, 5, '2025-04-09', 'Absent', ''),
(865, 56, 5, '2025-04-09', 'Absent', ''),
(866, 73, 5, '2025-04-09', 'Absent', ''),
(867, 74, 5, '2025-04-09', 'Present', ''),
(868, 75, 5, '2025-04-09', 'Absent', ''),
(869, 76, 5, '2025-04-09', 'Present', ''),
(870, 77, 5, '2025-04-09', 'Absent', ''),
(871, 32, 5, '2025-04-09', 'Absent', ''),
(872, 34, 5, '2025-04-09', 'Absent', ''),
(873, 55, 5, '2025-04-09', 'Absent', ''),
(874, 56, 5, '2025-04-09', 'Absent', ''),
(875, 73, 5, '2025-04-09', 'Absent', ''),
(876, 74, 5, '2025-04-09', 'Present', ''),
(877, 75, 5, '2025-04-09', 'Absent', ''),
(878, 76, 5, '2025-04-09', 'Present', ''),
(879, 77, 5, '2025-04-09', 'Absent', ''),
(880, 32, 5, '2025-04-09', 'Absent', ''),
(881, 34, 5, '2025-04-09', 'Absent', ''),
(882, 55, 5, '2025-04-09', 'Absent', ''),
(883, 56, 5, '2025-04-09', 'Absent', ''),
(884, 73, 5, '2025-04-09', 'Absent', ''),
(885, 74, 5, '2025-04-09', 'Present', ''),
(886, 75, 5, '2025-04-09', 'Absent', ''),
(887, 76, 5, '2025-04-09', 'Present', ''),
(888, 77, 5, '2025-04-09', 'Absent', ''),
(889, 32, 5, '2025-04-09', 'Absent', ''),
(890, 34, 5, '2025-04-09', 'Absent', ''),
(891, 55, 5, '2025-04-09', 'Absent', ''),
(892, 56, 5, '2025-04-09', 'Absent', ''),
(893, 73, 5, '2025-04-09', 'Absent', ''),
(894, 74, 5, '2025-04-09', 'Present', ''),
(895, 75, 5, '2025-04-09', 'Absent', ''),
(896, 76, 5, '2025-04-09', 'Present', ''),
(897, 77, 5, '2025-04-09', 'Absent', ''),
(898, 32, 5, '2025-04-09', 'Absent', ''),
(899, 34, 5, '2025-04-09', 'Absent', ''),
(900, 55, 5, '2025-04-09', 'Absent', ''),
(901, 56, 5, '2025-04-09', 'Absent', ''),
(902, 73, 5, '2025-04-09', 'Absent', ''),
(903, 74, 5, '2025-04-09', 'Present', ''),
(904, 75, 5, '2025-04-09', 'Absent', ''),
(905, 76, 5, '2025-04-09', 'Present', ''),
(906, 77, 5, '2025-04-09', 'Absent', ''),
(907, 32, 5, '2025-04-09', 'Absent', ''),
(908, 34, 5, '2025-04-09', 'Absent', ''),
(909, 55, 5, '2025-04-09', 'Absent', ''),
(910, 56, 5, '2025-04-09', 'Absent', ''),
(911, 73, 5, '2025-04-09', 'Absent', ''),
(912, 74, 5, '2025-04-09', 'Present', ''),
(913, 75, 5, '2025-04-09', 'Absent', ''),
(914, 76, 5, '2025-04-09', 'Present', ''),
(915, 77, 5, '2025-04-09', 'Absent', ''),
(916, 32, 5, '2025-04-09', 'Absent', ''),
(917, 34, 5, '2025-04-09', 'Absent', ''),
(918, 55, 5, '2025-04-09', 'Absent', ''),
(919, 56, 5, '2025-04-09', 'Absent', ''),
(920, 73, 5, '2025-04-09', 'Absent', ''),
(921, 74, 5, '2025-04-09', 'Present', ''),
(922, 75, 5, '2025-04-09', 'Absent', ''),
(923, 76, 5, '2025-04-09', 'Present', ''),
(924, 77, 5, '2025-04-09', 'Absent', ''),
(925, 32, 5, '2025-04-09', 'Absent', ''),
(926, 34, 5, '2025-04-09', 'Absent', ''),
(927, 55, 5, '2025-04-09', 'Absent', ''),
(928, 56, 5, '2025-04-09', 'Absent', ''),
(929, 73, 5, '2025-04-09', 'Absent', ''),
(930, 74, 5, '2025-04-09', 'Present', ''),
(931, 75, 5, '2025-04-09', 'Absent', ''),
(932, 76, 5, '2025-04-09', 'Present', ''),
(933, 77, 5, '2025-04-09', 'Absent', ''),
(934, 32, 5, '2025-04-09', 'Absent', ''),
(935, 34, 5, '2025-04-09', 'Absent', ''),
(936, 55, 5, '2025-04-09', 'Absent', ''),
(937, 56, 5, '2025-04-09', 'Absent', ''),
(938, 73, 5, '2025-04-09', 'Absent', ''),
(939, 74, 5, '2025-04-09', 'Present', ''),
(940, 75, 5, '2025-04-09', 'Absent', ''),
(941, 76, 5, '2025-04-09', 'Present', ''),
(942, 77, 5, '2025-04-09', 'Absent', ''),
(943, 32, 5, '2025-04-09', 'Absent', ''),
(944, 34, 5, '2025-04-09', 'Absent', ''),
(945, 55, 5, '2025-04-09', 'Absent', ''),
(946, 56, 5, '2025-04-09', 'Absent', ''),
(947, 73, 5, '2025-04-09', 'Absent', ''),
(948, 74, 5, '2025-04-09', 'Present', ''),
(949, 75, 5, '2025-04-09', 'Absent', ''),
(950, 76, 5, '2025-04-09', 'Present', ''),
(951, 77, 5, '2025-04-09', 'Absent', ''),
(952, 32, 5, '2025-04-09', 'Absent', ''),
(953, 34, 5, '2025-04-09', 'Absent', ''),
(954, 55, 5, '2025-04-09', 'Absent', ''),
(955, 56, 5, '2025-04-09', 'Absent', ''),
(956, 73, 5, '2025-04-09', 'Absent', ''),
(957, 74, 5, '2025-04-09', 'Present', ''),
(958, 75, 5, '2025-04-09', 'Absent', ''),
(959, 76, 5, '2025-04-09', 'Present', ''),
(960, 77, 5, '2025-04-09', 'Absent', ''),
(961, 32, 5, '2025-04-09', 'Absent', ''),
(962, 34, 5, '2025-04-09', 'Absent', ''),
(963, 55, 5, '2025-04-09', 'Absent', ''),
(964, 56, 5, '2025-04-09', 'Absent', ''),
(965, 73, 5, '2025-04-09', 'Absent', ''),
(966, 74, 5, '2025-04-09', 'Present', ''),
(967, 75, 5, '2025-04-09', 'Absent', ''),
(968, 76, 5, '2025-04-09', 'Present', ''),
(969, 77, 5, '2025-04-09', 'Absent', ''),
(970, 32, 5, '2025-04-09', 'Absent', ''),
(971, 34, 5, '2025-04-09', 'Absent', ''),
(972, 55, 5, '2025-04-09', 'Absent', ''),
(973, 56, 5, '2025-04-09', 'Absent', ''),
(974, 73, 5, '2025-04-09', 'Absent', ''),
(975, 74, 5, '2025-04-09', 'Present', ''),
(976, 75, 5, '2025-04-09', 'Absent', ''),
(977, 76, 5, '2025-04-09', 'Present', ''),
(978, 77, 5, '2025-04-09', 'Absent', ''),
(979, 32, 5, '2025-04-09', 'Absent', ''),
(980, 34, 5, '2025-04-09', 'Absent', ''),
(981, 55, 5, '2025-04-09', 'Absent', ''),
(982, 56, 5, '2025-04-09', 'Absent', ''),
(983, 73, 5, '2025-04-09', 'Absent', ''),
(984, 74, 5, '2025-04-09', 'Present', ''),
(985, 75, 5, '2025-04-09', 'Absent', ''),
(986, 76, 5, '2025-04-09', 'Present', ''),
(987, 77, 5, '2025-04-09', 'Absent', ''),
(988, 32, 5, '2025-04-09', 'Absent', ''),
(989, 34, 5, '2025-04-09', 'Absent', ''),
(990, 55, 5, '2025-04-09', 'Absent', ''),
(991, 56, 5, '2025-04-09', 'Absent', ''),
(992, 73, 5, '2025-04-09', 'Absent', ''),
(993, 74, 5, '2025-04-09', 'Present', ''),
(994, 75, 5, '2025-04-09', 'Absent', ''),
(995, 76, 5, '2025-04-09', 'Present', ''),
(996, 77, 5, '2025-04-09', 'Absent', ''),
(997, 32, 5, '2025-04-09', 'Absent', ''),
(998, 34, 5, '2025-04-09', 'Absent', ''),
(999, 55, 5, '2025-04-09', 'Absent', ''),
(1000, 56, 5, '2025-04-09', 'Absent', ''),
(1001, 73, 5, '2025-04-09', 'Absent', ''),
(1002, 74, 5, '2025-04-09', 'Present', ''),
(1003, 75, 5, '2025-04-09', 'Absent', ''),
(1004, 76, 5, '2025-04-09', 'Present', ''),
(1005, 77, 5, '2025-04-09', 'Absent', ''),
(1006, 32, 5, '2025-04-09', 'Present', ''),
(1007, 34, 5, '2025-04-09', 'Present', ''),
(1008, 55, 5, '2025-04-09', 'Present', ''),
(1009, 56, 5, '2025-04-09', 'Present', ''),
(1010, 73, 5, '2025-04-09', 'Present', ''),
(1011, 74, 5, '2025-04-09', 'Present', ''),
(1012, 75, 5, '2025-04-09', 'Present', ''),
(1013, 76, 5, '2025-04-09', 'Absent', ''),
(1014, 77, 5, '2025-04-09', 'Present', ''),
(1015, 32, 5, '2025-04-09', 'Present', ''),
(1016, 34, 5, '2025-04-09', 'Present', ''),
(1017, 55, 5, '2025-04-09', 'Present', ''),
(1018, 56, 5, '2025-04-09', 'Present', ''),
(1019, 73, 5, '2025-04-09', 'Present', ''),
(1020, 74, 5, '2025-04-09', 'Present', ''),
(1021, 75, 5, '2025-04-09', 'Present', ''),
(1022, 76, 5, '2025-04-09', 'Absent', ''),
(1023, 77, 5, '2025-04-09', 'Present', ''),
(1024, 32, 5, '2025-04-09', 'Present', ''),
(1025, 34, 5, '2025-04-09', 'Present', ''),
(1026, 55, 5, '2025-04-09', 'Present', ''),
(1027, 56, 5, '2025-04-09', 'Present', ''),
(1028, 73, 5, '2025-04-09', 'Present', ''),
(1029, 74, 5, '2025-04-09', 'Present', ''),
(1030, 75, 5, '2025-04-09', 'Present', ''),
(1031, 76, 5, '2025-04-09', 'Absent', ''),
(1032, 77, 5, '2025-04-09', 'Present', ''),
(1033, 32, 5, '2025-04-09', 'Present', ''),
(1034, 34, 5, '2025-04-09', 'Present', ''),
(1035, 55, 5, '2025-04-09', 'Present', ''),
(1036, 56, 5, '2025-04-09', 'Present', ''),
(1037, 73, 5, '2025-04-09', 'Present', ''),
(1038, 74, 5, '2025-04-09', 'Present', ''),
(1039, 75, 5, '2025-04-09', 'Present', ''),
(1040, 76, 5, '2025-04-09', 'Absent', ''),
(1041, 77, 5, '2025-04-09', 'Present', ''),
(1042, 32, 5, '2025-04-09', 'Present', ''),
(1043, 34, 5, '2025-04-09', 'Present', ''),
(1044, 55, 5, '2025-04-09', 'Present', ''),
(1045, 56, 5, '2025-04-09', 'Present', ''),
(1046, 73, 5, '2025-04-09', 'Present', ''),
(1047, 74, 5, '2025-04-09', 'Present', ''),
(1048, 75, 5, '2025-04-09', 'Present', ''),
(1049, 76, 5, '2025-04-09', 'Absent', ''),
(1050, 77, 5, '2025-04-09', 'Present', ''),
(1051, 32, 5, '2025-04-09', 'Present', ''),
(1052, 34, 5, '2025-04-09', 'Present', ''),
(1053, 55, 5, '2025-04-09', 'Present', ''),
(1054, 56, 5, '2025-04-09', 'Present', ''),
(1055, 73, 5, '2025-04-09', 'Present', ''),
(1056, 74, 5, '2025-04-09', 'Present', ''),
(1057, 75, 5, '2025-04-09', 'Present', ''),
(1058, 76, 5, '2025-04-09', 'Absent', ''),
(1059, 77, 5, '2025-04-09', 'Present', ''),
(1060, 32, 5, '2025-04-09', 'Present', ''),
(1061, 34, 5, '2025-04-09', 'Present', ''),
(1062, 55, 5, '2025-04-09', 'Present', ''),
(1063, 56, 5, '2025-04-09', 'Present', ''),
(1064, 73, 5, '2025-04-09', 'Present', ''),
(1065, 74, 5, '2025-04-09', 'Present', ''),
(1066, 75, 5, '2025-04-09', 'Present', ''),
(1067, 76, 5, '2025-04-09', 'Absent', ''),
(1068, 77, 5, '2025-04-09', 'Present', ''),
(1069, 32, 5, '2025-04-09', 'Present', ''),
(1070, 34, 5, '2025-04-09', 'Present', ''),
(1071, 55, 5, '2025-04-09', 'Present', ''),
(1072, 56, 5, '2025-04-09', 'Present', ''),
(1073, 73, 5, '2025-04-09', 'Present', ''),
(1074, 74, 5, '2025-04-09', 'Present', ''),
(1075, 75, 5, '2025-04-09', 'Present', ''),
(1076, 76, 5, '2025-04-09', 'Absent', ''),
(1077, 77, 5, '2025-04-09', 'Present', ''),
(1078, 32, 5, '2025-04-09', 'Present', ''),
(1079, 34, 5, '2025-04-09', 'Present', ''),
(1080, 55, 5, '2025-04-09', 'Present', ''),
(1081, 56, 5, '2025-04-09', 'Present', ''),
(1082, 73, 5, '2025-04-09', 'Present', ''),
(1083, 74, 5, '2025-04-09', 'Present', ''),
(1084, 75, 5, '2025-04-09', 'Present', ''),
(1085, 76, 5, '2025-04-09', 'Absent', ''),
(1086, 77, 5, '2025-04-09', 'Present', ''),
(1087, 32, 5, '2025-04-09', 'Present', ''),
(1088, 34, 5, '2025-04-09', 'Present', ''),
(1089, 55, 5, '2025-04-09', 'Present', ''),
(1090, 56, 5, '2025-04-09', 'Present', ''),
(1091, 73, 5, '2025-04-09', 'Present', ''),
(1092, 74, 5, '2025-04-09', 'Present', ''),
(1093, 75, 5, '2025-04-09', 'Present', ''),
(1094, 76, 5, '2025-04-09', 'Absent', ''),
(1095, 77, 5, '2025-04-09', 'Present', ''),
(1096, 27, 4, '2025-04-09', 'Absent', ''),
(1097, 29, 4, '2025-04-09', 'Absent', ''),
(1098, 52, 4, '2025-04-09', 'Absent', ''),
(1099, 53, 4, '2025-04-09', 'Absent', ''),
(1100, 54, 4, '2025-04-09', 'Absent', ''),
(1101, 68, 4, '2025-04-09', 'Present', ''),
(1102, 69, 4, '2025-04-09', 'Present', ''),
(1103, 70, 4, '2025-04-09', 'Present', ''),
(1104, 71, 4, '2025-04-09', 'Present', ''),
(1105, 72, 4, '2025-04-09', 'Present', ''),
(1106, 27, 4, '2025-04-09', 'Absent', ''),
(1107, 29, 4, '2025-04-09', 'Absent', ''),
(1108, 52, 4, '2025-04-09', 'Absent', ''),
(1109, 53, 4, '2025-04-09', 'Absent', ''),
(1110, 54, 4, '2025-04-09', 'Absent', ''),
(1111, 68, 4, '2025-04-09', 'Present', ''),
(1112, 69, 4, '2025-04-09', 'Present', ''),
(1113, 70, 4, '2025-04-09', 'Present', ''),
(1114, 71, 4, '2025-04-09', 'Present', ''),
(1115, 72, 4, '2025-04-09', 'Present', ''),
(1116, 27, 4, '2025-04-09', 'Absent', ''),
(1117, 29, 4, '2025-04-09', 'Absent', ''),
(1118, 52, 4, '2025-04-09', 'Absent', ''),
(1119, 53, 4, '2025-04-09', 'Absent', ''),
(1120, 54, 4, '2025-04-09', 'Absent', ''),
(1121, 68, 4, '2025-04-09', 'Present', ''),
(1122, 69, 4, '2025-04-09', 'Present', ''),
(1123, 70, 4, '2025-04-09', 'Present', ''),
(1124, 71, 4, '2025-04-09', 'Present', ''),
(1125, 72, 4, '2025-04-09', 'Present', ''),
(1126, 27, 4, '2025-04-09', 'Absent', ''),
(1127, 29, 4, '2025-04-09', 'Absent', ''),
(1128, 52, 4, '2025-04-09', 'Absent', ''),
(1129, 53, 4, '2025-04-09', 'Absent', ''),
(1130, 54, 4, '2025-04-09', 'Absent', ''),
(1131, 68, 4, '2025-04-09', 'Present', ''),
(1132, 69, 4, '2025-04-09', 'Present', ''),
(1133, 70, 4, '2025-04-09', 'Present', ''),
(1134, 71, 4, '2025-04-09', 'Present', ''),
(1135, 72, 4, '2025-04-09', 'Present', ''),
(1136, 27, 4, '2025-04-09', 'Absent', ''),
(1137, 29, 4, '2025-04-09', 'Absent', ''),
(1138, 52, 4, '2025-04-09', 'Absent', ''),
(1139, 53, 4, '2025-04-09', 'Absent', ''),
(1140, 54, 4, '2025-04-09', 'Absent', ''),
(1141, 68, 4, '2025-04-09', 'Present', ''),
(1142, 69, 4, '2025-04-09', 'Present', ''),
(1143, 70, 4, '2025-04-09', 'Present', ''),
(1144, 71, 4, '2025-04-09', 'Present', ''),
(1145, 72, 4, '2025-04-09', 'Present', ''),
(1146, 27, 4, '2025-04-09', 'Absent', ''),
(1147, 29, 4, '2025-04-09', 'Absent', ''),
(1148, 52, 4, '2025-04-09', 'Absent', ''),
(1149, 53, 4, '2025-04-09', 'Absent', ''),
(1150, 54, 4, '2025-04-09', 'Absent', ''),
(1151, 68, 4, '2025-04-09', 'Present', ''),
(1152, 69, 4, '2025-04-09', 'Present', ''),
(1153, 70, 4, '2025-04-09', 'Present', ''),
(1154, 71, 4, '2025-04-09', 'Present', ''),
(1155, 72, 4, '2025-04-09', 'Present', ''),
(1156, 27, 4, '2025-04-09', 'Absent', ''),
(1157, 29, 4, '2025-04-09', 'Absent', ''),
(1158, 52, 4, '2025-04-09', 'Absent', ''),
(1159, 53, 4, '2025-04-09', 'Absent', ''),
(1160, 54, 4, '2025-04-09', 'Absent', ''),
(1161, 68, 4, '2025-04-09', 'Present', ''),
(1162, 69, 4, '2025-04-09', 'Present', ''),
(1163, 70, 4, '2025-04-09', 'Present', ''),
(1164, 71, 4, '2025-04-09', 'Present', ''),
(1165, 72, 4, '2025-04-09', 'Present', ''),
(1166, 27, 4, '2025-04-09', 'Absent', ''),
(1167, 29, 4, '2025-04-09', 'Absent', ''),
(1168, 52, 4, '2025-04-09', 'Absent', ''),
(1169, 53, 4, '2025-04-09', 'Absent', ''),
(1170, 54, 4, '2025-04-09', 'Absent', ''),
(1171, 68, 4, '2025-04-09', 'Present', ''),
(1172, 69, 4, '2025-04-09', 'Present', ''),
(1173, 70, 4, '2025-04-09', 'Present', ''),
(1174, 71, 4, '2025-04-09', 'Present', ''),
(1175, 72, 4, '2025-04-09', 'Present', ''),
(1176, 27, 4, '2025-04-09', 'Absent', ''),
(1177, 29, 4, '2025-04-09', 'Absent', ''),
(1178, 52, 4, '2025-04-09', 'Absent', ''),
(1179, 53, 4, '2025-04-09', 'Absent', ''),
(1180, 54, 4, '2025-04-09', 'Absent', ''),
(1181, 68, 4, '2025-04-09', 'Present', ''),
(1182, 69, 4, '2025-04-09', 'Present', ''),
(1183, 70, 4, '2025-04-09', 'Present', ''),
(1184, 71, 4, '2025-04-09', 'Present', ''),
(1185, 72, 4, '2025-04-09', 'Present', ''),
(1186, 27, 4, '2025-04-09', 'Absent', ''),
(1187, 29, 4, '2025-04-09', 'Absent', ''),
(1188, 52, 4, '2025-04-09', 'Absent', ''),
(1189, 53, 4, '2025-04-09', 'Absent', ''),
(1190, 54, 4, '2025-04-09', 'Absent', ''),
(1191, 68, 4, '2025-04-09', 'Present', ''),
(1192, 69, 4, '2025-04-09', 'Present', ''),
(1193, 70, 4, '2025-04-09', 'Present', ''),
(1194, 71, 4, '2025-04-09', 'Present', ''),
(1195, 72, 4, '2025-04-09', 'Present', ''),
(1196, 27, 4, '2025-04-09', 'Absent', ''),
(1197, 29, 4, '2025-04-09', 'Absent', ''),
(1198, 52, 4, '2025-04-09', 'Absent', ''),
(1199, 53, 4, '2025-04-09', 'Absent', ''),
(1200, 54, 4, '2025-04-09', 'Absent', ''),
(1201, 68, 4, '2025-04-09', 'Present', ''),
(1202, 69, 4, '2025-04-09', 'Present', ''),
(1203, 70, 4, '2025-04-09', 'Present', ''),
(1204, 71, 4, '2025-04-09', 'Present', ''),
(1205, 72, 4, '2025-04-09', 'Present', ''),
(1206, 27, 4, '2025-04-09', 'Absent', ''),
(1207, 29, 4, '2025-04-09', 'Absent', ''),
(1208, 52, 4, '2025-04-09', 'Absent', ''),
(1209, 53, 4, '2025-04-09', 'Absent', ''),
(1210, 54, 4, '2025-04-09', 'Absent', ''),
(1211, 68, 4, '2025-04-09', 'Present', ''),
(1212, 69, 4, '2025-04-09', 'Present', ''),
(1213, 70, 4, '2025-04-09', 'Present', ''),
(1214, 71, 4, '2025-04-09', 'Present', ''),
(1215, 72, 4, '2025-04-09', 'Present', ''),
(1216, 27, 4, '2025-04-09', 'Absent', ''),
(1217, 29, 4, '2025-04-09', 'Absent', ''),
(1218, 52, 4, '2025-04-09', 'Absent', ''),
(1219, 53, 4, '2025-04-09', 'Absent', ''),
(1220, 54, 4, '2025-04-09', 'Absent', ''),
(1221, 68, 4, '2025-04-09', 'Present', ''),
(1222, 69, 4, '2025-04-09', 'Present', ''),
(1223, 70, 4, '2025-04-09', 'Present', ''),
(1224, 71, 4, '2025-04-09', 'Present', ''),
(1225, 72, 4, '2025-04-09', 'Present', ''),
(1226, 27, 4, '2025-04-09', 'Absent', ''),
(1227, 29, 4, '2025-04-09', 'Absent', ''),
(1228, 52, 4, '2025-04-09', 'Absent', ''),
(1229, 53, 4, '2025-04-09', 'Absent', ''),
(1230, 54, 4, '2025-04-09', 'Absent', '');
INSERT INTO `attendance` (`AttendanceID`, `PupilID`, `ClassID`, `AttendanceDate`, `Status`, `Notes`) VALUES
(1231, 68, 4, '2025-04-09', 'Present', ''),
(1232, 69, 4, '2025-04-09', 'Present', ''),
(1233, 70, 4, '2025-04-09', 'Present', ''),
(1234, 71, 4, '2025-04-09', 'Present', ''),
(1235, 72, 4, '2025-04-09', 'Present', ''),
(1236, 27, 4, '2025-04-09', 'Absent', ''),
(1237, 29, 4, '2025-04-09', 'Absent', ''),
(1238, 52, 4, '2025-04-09', 'Absent', ''),
(1239, 53, 4, '2025-04-09', 'Absent', ''),
(1240, 54, 4, '2025-04-09', 'Absent', ''),
(1241, 68, 4, '2025-04-09', 'Present', ''),
(1242, 69, 4, '2025-04-09', 'Present', ''),
(1243, 70, 4, '2025-04-09', 'Present', ''),
(1244, 71, 4, '2025-04-09', 'Present', ''),
(1245, 72, 4, '2025-04-09', 'Present', ''),
(1246, 27, 4, '2025-04-09', 'Absent', ''),
(1247, 29, 4, '2025-04-09', 'Absent', ''),
(1248, 52, 4, '2025-04-09', 'Absent', ''),
(1249, 53, 4, '2025-04-09', 'Absent', ''),
(1250, 54, 4, '2025-04-09', 'Absent', ''),
(1251, 68, 4, '2025-04-09', 'Present', ''),
(1252, 69, 4, '2025-04-09', 'Present', ''),
(1253, 70, 4, '2025-04-09', 'Present', ''),
(1254, 71, 4, '2025-04-09', 'Present', ''),
(1255, 72, 4, '2025-04-09', 'Present', ''),
(1256, 27, 4, '2025-04-09', 'Absent', ''),
(1257, 29, 4, '2025-04-09', 'Absent', ''),
(1258, 52, 4, '2025-04-09', 'Absent', ''),
(1259, 53, 4, '2025-04-09', 'Absent', ''),
(1260, 54, 4, '2025-04-09', 'Absent', ''),
(1261, 68, 4, '2025-04-09', 'Present', ''),
(1262, 69, 4, '2025-04-09', 'Present', ''),
(1263, 70, 4, '2025-04-09', 'Present', ''),
(1264, 71, 4, '2025-04-09', 'Present', ''),
(1265, 72, 4, '2025-04-09', 'Present', ''),
(1266, 27, 4, '2025-04-09', 'Absent', ''),
(1267, 29, 4, '2025-04-09', 'Absent', ''),
(1268, 52, 4, '2025-04-09', 'Absent', ''),
(1269, 53, 4, '2025-04-09', 'Absent', ''),
(1270, 54, 4, '2025-04-09', 'Absent', ''),
(1271, 68, 4, '2025-04-09', 'Present', ''),
(1272, 69, 4, '2025-04-09', 'Present', ''),
(1273, 70, 4, '2025-04-09', 'Present', ''),
(1274, 71, 4, '2025-04-09', 'Present', ''),
(1275, 72, 4, '2025-04-09', 'Present', ''),
(1276, 27, 4, '2025-04-09', 'Absent', ''),
(1277, 29, 4, '2025-04-09', 'Absent', ''),
(1278, 52, 4, '2025-04-09', 'Absent', ''),
(1279, 53, 4, '2025-04-09', 'Absent', ''),
(1280, 54, 4, '2025-04-09', 'Absent', ''),
(1281, 68, 4, '2025-04-09', 'Present', ''),
(1282, 69, 4, '2025-04-09', 'Present', ''),
(1283, 70, 4, '2025-04-09', 'Present', ''),
(1284, 71, 4, '2025-04-09', 'Present', ''),
(1285, 72, 4, '2025-04-09', 'Present', ''),
(1286, 27, 4, '2025-04-09', 'Absent', ''),
(1287, 29, 4, '2025-04-09', 'Absent', ''),
(1288, 52, 4, '2025-04-09', 'Absent', ''),
(1289, 53, 4, '2025-04-09', 'Absent', ''),
(1290, 54, 4, '2025-04-09', 'Absent', ''),
(1291, 68, 4, '2025-04-09', 'Present', ''),
(1292, 69, 4, '2025-04-09', 'Present', ''),
(1293, 70, 4, '2025-04-09', 'Present', ''),
(1294, 71, 4, '2025-04-09', 'Present', ''),
(1295, 72, 4, '2025-04-09', 'Present', ''),
(1296, 27, 4, '2025-04-09', 'Present', ''),
(1297, 29, 4, '2025-04-09', 'Present', ''),
(1298, 52, 4, '2025-04-09', 'Present', ''),
(1299, 53, 4, '2025-04-09', 'Present', ''),
(1300, 54, 4, '2025-04-09', 'Present', ''),
(1301, 68, 4, '2025-04-09', 'Absent', ''),
(1302, 69, 4, '2025-04-09', 'Present', ''),
(1303, 70, 4, '2025-04-09', 'Present', ''),
(1304, 71, 4, '2025-04-09', 'Present', ''),
(1305, 72, 4, '2025-04-09', 'Present', ''),
(1306, 27, 4, '2025-04-09', 'Present', ''),
(1307, 29, 4, '2025-04-09', 'Present', ''),
(1308, 52, 4, '2025-04-09', 'Present', ''),
(1309, 53, 4, '2025-04-09', 'Present', ''),
(1310, 54, 4, '2025-04-09', 'Present', ''),
(1311, 68, 4, '2025-04-09', 'Absent', ''),
(1312, 69, 4, '2025-04-09', 'Present', ''),
(1313, 70, 4, '2025-04-09', 'Present', ''),
(1314, 71, 4, '2025-04-09', 'Present', ''),
(1315, 72, 4, '2025-04-09', 'Present', ''),
(1316, 27, 4, '2025-04-09', 'Present', ''),
(1317, 29, 4, '2025-04-09', 'Present', ''),
(1318, 52, 4, '2025-04-09', 'Present', ''),
(1319, 53, 4, '2025-04-09', 'Present', ''),
(1320, 54, 4, '2025-04-09', 'Present', ''),
(1321, 68, 4, '2025-04-09', 'Absent', ''),
(1322, 69, 4, '2025-04-09', 'Present', ''),
(1323, 70, 4, '2025-04-09', 'Present', ''),
(1324, 71, 4, '2025-04-09', 'Present', ''),
(1325, 72, 4, '2025-04-09', 'Present', ''),
(1326, 27, 4, '2025-04-09', 'Present', ''),
(1327, 29, 4, '2025-04-09', 'Present', ''),
(1328, 52, 4, '2025-04-09', 'Present', ''),
(1329, 53, 4, '2025-04-09', 'Present', ''),
(1330, 54, 4, '2025-04-09', 'Present', ''),
(1331, 68, 4, '2025-04-09', 'Absent', ''),
(1332, 69, 4, '2025-04-09', 'Present', ''),
(1333, 70, 4, '2025-04-09', 'Present', ''),
(1334, 71, 4, '2025-04-09', 'Present', ''),
(1335, 72, 4, '2025-04-09', 'Present', ''),
(1336, 27, 4, '2025-04-09', 'Present', ''),
(1337, 29, 4, '2025-04-09', 'Present', ''),
(1338, 52, 4, '2025-04-09', 'Present', ''),
(1339, 53, 4, '2025-04-09', 'Present', ''),
(1340, 54, 4, '2025-04-09', 'Present', ''),
(1341, 68, 4, '2025-04-09', 'Absent', ''),
(1342, 69, 4, '2025-04-09', 'Present', ''),
(1343, 70, 4, '2025-04-09', 'Present', ''),
(1344, 71, 4, '2025-04-09', 'Present', ''),
(1345, 72, 4, '2025-04-09', 'Present', ''),
(1346, 27, 4, '2025-04-09', 'Present', ''),
(1347, 29, 4, '2025-04-09', 'Present', ''),
(1348, 52, 4, '2025-04-09', 'Present', ''),
(1349, 53, 4, '2025-04-09', 'Present', ''),
(1350, 54, 4, '2025-04-09', 'Present', ''),
(1351, 68, 4, '2025-04-09', 'Absent', ''),
(1352, 69, 4, '2025-04-09', 'Absent', ''),
(1353, 70, 4, '2025-04-09', 'Absent', ''),
(1354, 71, 4, '2025-04-09', 'Absent', ''),
(1355, 72, 4, '2025-04-09', 'Absent', ''),
(1356, 27, 4, '2025-04-09', 'Present', ''),
(1357, 29, 4, '2025-04-09', 'Present', ''),
(1358, 52, 4, '2025-04-09', 'Present', ''),
(1359, 53, 4, '2025-04-09', 'Present', ''),
(1360, 54, 4, '2025-04-09', 'Present', ''),
(1361, 68, 4, '2025-04-09', 'Absent', ''),
(1362, 69, 4, '2025-04-09', 'Absent', ''),
(1363, 70, 4, '2025-04-09', 'Absent', ''),
(1364, 71, 4, '2025-04-09', 'Absent', ''),
(1365, 72, 4, '2025-04-09', 'Absent', ''),
(1366, 27, 4, '2025-04-09', 'Present', ''),
(1367, 29, 4, '2025-04-09', 'Present', ''),
(1368, 52, 4, '2025-04-09', 'Present', ''),
(1369, 53, 4, '2025-04-09', 'Present', ''),
(1370, 54, 4, '2025-04-09', 'Present', ''),
(1371, 68, 4, '2025-04-09', 'Absent', ''),
(1372, 69, 4, '2025-04-09', 'Absent', ''),
(1373, 70, 4, '2025-04-09', 'Absent', ''),
(1374, 71, 4, '2025-04-09', 'Absent', ''),
(1375, 72, 4, '2025-04-09', 'Absent', ''),
(1376, 27, 4, '2025-04-09', 'Present', ''),
(1377, 29, 4, '2025-04-09', 'Present', ''),
(1378, 52, 4, '2025-04-09', 'Present', ''),
(1379, 53, 4, '2025-04-09', 'Present', ''),
(1380, 54, 4, '2025-04-09', 'Present', ''),
(1381, 68, 4, '2025-04-09', 'Absent', ''),
(1382, 69, 4, '2025-04-09', 'Absent', ''),
(1383, 70, 4, '2025-04-09', 'Absent', ''),
(1384, 71, 4, '2025-04-09', 'Absent', ''),
(1385, 72, 4, '2025-04-09', 'Absent', ''),
(1386, 27, 4, '2025-04-09', 'Present', ''),
(1387, 29, 4, '2025-04-09', 'Present', ''),
(1388, 52, 4, '2025-04-09', 'Present', ''),
(1389, 53, 4, '2025-04-09', 'Present', ''),
(1390, 54, 4, '2025-04-09', 'Present', ''),
(1391, 68, 4, '2025-04-09', 'Absent', ''),
(1392, 69, 4, '2025-04-09', 'Absent', ''),
(1393, 70, 4, '2025-04-09', 'Absent', ''),
(1394, 71, 4, '2025-04-09', 'Absent', ''),
(1395, 72, 4, '2025-04-09', 'Absent', ''),
(1396, 27, 4, '2025-04-09', 'Present', ''),
(1397, 29, 4, '2025-04-09', 'Present', ''),
(1398, 52, 4, '2025-04-09', 'Present', ''),
(1399, 53, 4, '2025-04-09', 'Present', ''),
(1400, 54, 4, '2025-04-09', 'Present', ''),
(1401, 68, 4, '2025-04-09', 'Absent', ''),
(1402, 69, 4, '2025-04-09', 'Absent', ''),
(1403, 70, 4, '2025-04-09', 'Absent', ''),
(1404, 71, 4, '2025-04-09', 'Absent', ''),
(1405, 72, 4, '2025-04-09', 'Absent', ''),
(1406, 27, 4, '2025-04-09', 'Present', ''),
(1407, 29, 4, '2025-04-09', 'Present', ''),
(1408, 52, 4, '2025-04-09', 'Present', ''),
(1409, 53, 4, '2025-04-09', 'Present', ''),
(1410, 54, 4, '2025-04-09', 'Present', ''),
(1411, 68, 4, '2025-04-09', 'Absent', ''),
(1412, 69, 4, '2025-04-09', 'Absent', ''),
(1413, 70, 4, '2025-04-09', 'Absent', ''),
(1414, 71, 4, '2025-04-09', 'Absent', ''),
(1415, 72, 4, '2025-04-09', 'Absent', ''),
(1416, 27, 4, '2025-04-09', 'Present', ''),
(1417, 29, 4, '2025-04-09', 'Present', ''),
(1418, 52, 4, '2025-04-09', 'Present', ''),
(1419, 53, 4, '2025-04-09', 'Present', ''),
(1420, 54, 4, '2025-04-09', 'Present', ''),
(1421, 68, 4, '2025-04-09', 'Absent', ''),
(1422, 69, 4, '2025-04-09', 'Absent', ''),
(1423, 70, 4, '2025-04-09', 'Absent', ''),
(1424, 71, 4, '2025-04-09', 'Absent', ''),
(1425, 72, 4, '2025-04-09', 'Absent', ''),
(1426, 27, 4, '2025-04-09', 'Present', ''),
(1427, 29, 4, '2025-04-09', 'Present', ''),
(1428, 52, 4, '2025-04-09', 'Present', ''),
(1429, 53, 4, '2025-04-09', 'Present', ''),
(1430, 54, 4, '2025-04-09', 'Present', ''),
(1431, 68, 4, '2025-04-09', 'Absent', ''),
(1432, 69, 4, '2025-04-09', 'Absent', ''),
(1433, 70, 4, '2025-04-09', 'Absent', ''),
(1434, 71, 4, '2025-04-09', 'Absent', ''),
(1435, 72, 4, '2025-04-09', 'Absent', ''),
(1436, 27, 4, '2025-04-09', 'Present', ''),
(1437, 29, 4, '2025-04-09', 'Present', ''),
(1438, 52, 4, '2025-04-09', 'Present', ''),
(1439, 53, 4, '2025-04-09', 'Present', ''),
(1440, 54, 4, '2025-04-09', 'Present', ''),
(1441, 68, 4, '2025-04-09', 'Absent', ''),
(1442, 69, 4, '2025-04-09', 'Absent', ''),
(1443, 70, 4, '2025-04-09', 'Absent', ''),
(1444, 71, 4, '2025-04-09', 'Absent', ''),
(1445, 72, 4, '2025-04-09', 'Absent', ''),
(1446, 27, 4, '2025-04-09', 'Present', ''),
(1447, 29, 4, '2025-04-09', 'Present', ''),
(1448, 52, 4, '2025-04-09', 'Present', ''),
(1449, 53, 4, '2025-04-09', 'Present', ''),
(1450, 54, 4, '2025-04-09', 'Present', ''),
(1451, 68, 4, '2025-04-09', 'Absent', ''),
(1452, 69, 4, '2025-04-09', 'Absent', ''),
(1453, 70, 4, '2025-04-09', 'Absent', ''),
(1454, 71, 4, '2025-04-09', 'Absent', ''),
(1455, 72, 4, '2025-04-09', 'Absent', ''),
(1456, 27, 4, '2025-04-09', 'Present', ''),
(1457, 29, 4, '2025-04-09', 'Present', ''),
(1458, 52, 4, '2025-04-09', 'Present', ''),
(1459, 53, 4, '2025-04-09', 'Present', ''),
(1460, 54, 4, '2025-04-09', 'Present', ''),
(1461, 68, 4, '2025-04-09', 'Absent', ''),
(1462, 69, 4, '2025-04-09', 'Absent', ''),
(1463, 70, 4, '2025-04-09', 'Absent', ''),
(1464, 71, 4, '2025-04-09', 'Absent', ''),
(1465, 72, 4, '2025-04-09', 'Absent', ''),
(1466, 27, 4, '2025-04-09', 'Present', ''),
(1467, 29, 4, '2025-04-09', 'Present', ''),
(1468, 52, 4, '2025-04-09', 'Present', ''),
(1469, 53, 4, '2025-04-09', 'Present', ''),
(1470, 54, 4, '2025-04-09', 'Present', ''),
(1471, 68, 4, '2025-04-09', 'Absent', ''),
(1472, 69, 4, '2025-04-09', 'Absent', ''),
(1473, 70, 4, '2025-04-09', 'Absent', ''),
(1474, 71, 4, '2025-04-09', 'Absent', ''),
(1475, 72, 4, '2025-04-09', 'Absent', ''),
(1476, 27, 4, '2025-04-09', 'Present', ''),
(1477, 29, 4, '2025-04-09', 'Present', ''),
(1478, 52, 4, '2025-04-09', 'Present', ''),
(1479, 53, 4, '2025-04-09', 'Present', ''),
(1480, 54, 4, '2025-04-09', 'Present', ''),
(1481, 68, 4, '2025-04-09', 'Absent', ''),
(1482, 69, 4, '2025-04-09', 'Absent', ''),
(1483, 70, 4, '2025-04-09', 'Absent', ''),
(1484, 71, 4, '2025-04-09', 'Absent', ''),
(1485, 72, 4, '2025-04-09', 'Absent', ''),
(1486, 27, 4, '2025-04-09', 'Present', ''),
(1487, 29, 4, '2025-04-09', 'Present', ''),
(1488, 52, 4, '2025-04-09', 'Present', ''),
(1489, 53, 4, '2025-04-09', 'Present', ''),
(1490, 54, 4, '2025-04-09', 'Present', ''),
(1491, 68, 4, '2025-04-09', 'Absent', ''),
(1492, 69, 4, '2025-04-09', 'Absent', ''),
(1493, 70, 4, '2025-04-09', 'Absent', ''),
(1494, 71, 4, '2025-04-09', 'Absent', ''),
(1495, 72, 4, '2025-04-09', 'Absent', ''),
(1496, 27, 4, '2025-04-09', 'Present', ''),
(1497, 29, 4, '2025-04-09', 'Present', ''),
(1498, 52, 4, '2025-04-09', 'Present', ''),
(1499, 53, 4, '2025-04-09', 'Present', ''),
(1500, 54, 4, '2025-04-09', 'Present', ''),
(1501, 68, 4, '2025-04-09', 'Absent', ''),
(1502, 69, 4, '2025-04-09', 'Absent', ''),
(1503, 70, 4, '2025-04-09', 'Absent', ''),
(1504, 71, 4, '2025-04-09', 'Absent', ''),
(1505, 72, 4, '2025-04-09', 'Absent', ''),
(1506, 27, 4, '2025-04-09', 'Present', ''),
(1507, 29, 4, '2025-04-09', 'Present', ''),
(1508, 52, 4, '2025-04-09', 'Present', ''),
(1509, 53, 4, '2025-04-09', 'Present', ''),
(1510, 54, 4, '2025-04-09', 'Present', ''),
(1511, 68, 4, '2025-04-09', 'Absent', ''),
(1512, 69, 4, '2025-04-09', 'Absent', ''),
(1513, 70, 4, '2025-04-09', 'Absent', ''),
(1514, 71, 4, '2025-04-09', 'Absent', ''),
(1515, 72, 4, '2025-04-09', 'Absent', ''),
(1516, 27, 4, '2025-04-09', 'Present', ''),
(1517, 29, 4, '2025-04-09', 'Present', ''),
(1518, 52, 4, '2025-04-09', 'Present', ''),
(1519, 53, 4, '2025-04-09', 'Present', ''),
(1520, 54, 4, '2025-04-09', 'Present', ''),
(1521, 68, 4, '2025-04-09', 'Absent', ''),
(1522, 69, 4, '2025-04-09', 'Absent', ''),
(1523, 70, 4, '2025-04-09', 'Absent', ''),
(1524, 71, 4, '2025-04-09', 'Absent', ''),
(1525, 72, 4, '2025-04-09', 'Absent', ''),
(1526, 27, 4, '2025-04-09', 'Present', ''),
(1527, 29, 4, '2025-04-09', 'Present', ''),
(1528, 52, 4, '2025-04-09', 'Present', ''),
(1529, 53, 4, '2025-04-09', 'Present', ''),
(1530, 54, 4, '2025-04-09', 'Present', ''),
(1531, 68, 4, '2025-04-09', 'Absent', ''),
(1532, 69, 4, '2025-04-09', 'Absent', ''),
(1533, 70, 4, '2025-04-09', 'Absent', ''),
(1534, 71, 4, '2025-04-09', 'Absent', ''),
(1535, 72, 4, '2025-04-09', 'Absent', ''),
(1536, 27, 4, '2025-04-09', 'Present', ''),
(1537, 29, 4, '2025-04-09', 'Present', ''),
(1538, 52, 4, '2025-04-09', 'Present', ''),
(1539, 53, 4, '2025-04-09', 'Present', ''),
(1540, 54, 4, '2025-04-09', 'Present', ''),
(1541, 68, 4, '2025-04-09', 'Absent', ''),
(1542, 69, 4, '2025-04-09', 'Absent', ''),
(1543, 70, 4, '2025-04-09', 'Absent', ''),
(1544, 71, 4, '2025-04-09', 'Absent', ''),
(1545, 72, 4, '2025-04-09', 'Absent', ''),
(1546, 27, 4, '2025-04-09', 'Present', ''),
(1547, 29, 4, '2025-04-09', 'Present', ''),
(1548, 52, 4, '2025-04-09', 'Present', ''),
(1549, 53, 4, '2025-04-09', 'Present', ''),
(1550, 54, 4, '2025-04-09', 'Present', ''),
(1551, 68, 4, '2025-04-09', 'Absent', ''),
(1552, 69, 4, '2025-04-09', 'Absent', ''),
(1553, 70, 4, '2025-04-09', 'Absent', ''),
(1554, 71, 4, '2025-04-09', 'Absent', ''),
(1555, 72, 4, '2025-04-09', 'Absent', ''),
(1556, 27, 4, '2025-04-09', 'Present', ''),
(1557, 29, 4, '2025-04-09', 'Present', ''),
(1558, 52, 4, '2025-04-09', 'Present', ''),
(1559, 53, 4, '2025-04-09', 'Present', ''),
(1560, 54, 4, '2025-04-09', 'Present', ''),
(1561, 68, 4, '2025-04-09', 'Absent', ''),
(1562, 69, 4, '2025-04-09', 'Absent', ''),
(1563, 70, 4, '2025-04-09', 'Absent', ''),
(1564, 71, 4, '2025-04-09', 'Absent', ''),
(1565, 72, 4, '2025-04-09', 'Absent', ''),
(1566, 27, 4, '2025-04-09', 'Present', ''),
(1567, 29, 4, '2025-04-09', 'Present', ''),
(1568, 52, 4, '2025-04-09', 'Present', ''),
(1569, 53, 4, '2025-04-09', 'Present', ''),
(1570, 54, 4, '2025-04-09', 'Present', ''),
(1571, 68, 4, '2025-04-09', 'Absent', ''),
(1572, 69, 4, '2025-04-09', 'Absent', ''),
(1573, 70, 4, '2025-04-09', 'Absent', ''),
(1574, 71, 4, '2025-04-09', 'Absent', ''),
(1575, 72, 4, '2025-04-09', 'Absent', ''),
(1576, 27, 4, '2025-04-09', 'Present', ''),
(1577, 29, 4, '2025-04-09', 'Present', ''),
(1578, 52, 4, '2025-04-09', 'Present', ''),
(1579, 53, 4, '2025-04-09', 'Present', ''),
(1580, 54, 4, '2025-04-09', 'Present', ''),
(1581, 68, 4, '2025-04-09', 'Absent', ''),
(1582, 69, 4, '2025-04-09', 'Absent', ''),
(1583, 70, 4, '2025-04-09', 'Absent', ''),
(1584, 71, 4, '2025-04-09', 'Absent', ''),
(1585, 72, 4, '2025-04-09', 'Absent', ''),
(1586, 9, 3, '2025-04-09', 'Absent', ''),
(1587, 24, 3, '2025-04-09', 'Absent', ''),
(1588, 26, 3, '2025-04-09', 'Absent', ''),
(1589, 39, 3, '2025-04-09', 'Absent', ''),
(1590, 41, 3, '2025-04-09', 'Absent', ''),
(1591, 48, 3, '2025-04-09', 'Absent', ''),
(1592, 49, 3, '2025-04-09', 'Absent', ''),
(1593, 50, 3, '2025-04-09', 'Present', ''),
(1594, 51, 3, '2025-04-09', 'Present', ''),
(1595, 63, 3, '2025-04-09', 'Present', ''),
(1596, 64, 3, '2025-04-09', 'Present', ''),
(1597, 65, 3, '2025-04-09', 'Present', ''),
(1598, 66, 3, '2025-04-09', 'Present', ''),
(1599, 67, 3, '2025-04-09', 'Present', ''),
(1600, 83, 3, '2025-04-09', 'Present', ''),
(1601, 9, 3, '2025-04-09', 'Absent', ''),
(1602, 24, 3, '2025-04-09', 'Absent', ''),
(1603, 26, 3, '2025-04-09', 'Absent', ''),
(1604, 39, 3, '2025-04-09', 'Absent', ''),
(1605, 41, 3, '2025-04-09', 'Absent', ''),
(1606, 48, 3, '2025-04-09', 'Absent', ''),
(1607, 49, 3, '2025-04-09', 'Absent', ''),
(1608, 50, 3, '2025-04-09', 'Present', ''),
(1609, 51, 3, '2025-04-09', 'Present', ''),
(1610, 63, 3, '2025-04-09', 'Present', ''),
(1611, 64, 3, '2025-04-09', 'Present', ''),
(1612, 65, 3, '2025-04-09', 'Present', ''),
(1613, 66, 3, '2025-04-09', 'Present', ''),
(1614, 67, 3, '2025-04-09', 'Present', ''),
(1615, 83, 3, '2025-04-09', 'Present', ''),
(1616, 9, 3, '2025-04-09', 'Absent', ''),
(1617, 24, 3, '2025-04-09', 'Absent', ''),
(1618, 26, 3, '2025-04-09', 'Absent', ''),
(1619, 39, 3, '2025-04-09', 'Absent', ''),
(1620, 41, 3, '2025-04-09', 'Absent', ''),
(1621, 48, 3, '2025-04-09', 'Absent', ''),
(1622, 49, 3, '2025-04-09', 'Absent', ''),
(1623, 50, 3, '2025-04-09', 'Present', ''),
(1624, 51, 3, '2025-04-09', 'Present', ''),
(1625, 63, 3, '2025-04-09', 'Present', ''),
(1626, 64, 3, '2025-04-09', 'Present', ''),
(1627, 65, 3, '2025-04-09', 'Present', ''),
(1628, 66, 3, '2025-04-09', 'Present', ''),
(1629, 67, 3, '2025-04-09', 'Present', ''),
(1630, 83, 3, '2025-04-09', 'Present', ''),
(1631, 9, 3, '2025-04-09', 'Absent', ''),
(1632, 24, 3, '2025-04-09', 'Absent', ''),
(1633, 26, 3, '2025-04-09', 'Absent', ''),
(1634, 39, 3, '2025-04-09', 'Absent', ''),
(1635, 41, 3, '2025-04-09', 'Absent', ''),
(1636, 48, 3, '2025-04-09', 'Absent', ''),
(1637, 49, 3, '2025-04-09', 'Absent', ''),
(1638, 50, 3, '2025-04-09', 'Present', ''),
(1639, 51, 3, '2025-04-09', 'Present', ''),
(1640, 63, 3, '2025-04-09', 'Present', ''),
(1641, 64, 3, '2025-04-09', 'Present', ''),
(1642, 65, 3, '2025-04-09', 'Present', ''),
(1643, 66, 3, '2025-04-09', 'Present', ''),
(1644, 67, 3, '2025-04-09', 'Present', ''),
(1645, 83, 3, '2025-04-09', 'Present', ''),
(1646, 9, 3, '2025-04-09', 'Absent', ''),
(1647, 24, 3, '2025-04-09', 'Absent', ''),
(1648, 26, 3, '2025-04-09', 'Absent', ''),
(1649, 39, 3, '2025-04-09', 'Absent', ''),
(1650, 41, 3, '2025-04-09', 'Absent', ''),
(1651, 48, 3, '2025-04-09', 'Absent', ''),
(1652, 49, 3, '2025-04-09', 'Absent', ''),
(1653, 50, 3, '2025-04-09', 'Present', ''),
(1654, 51, 3, '2025-04-09', 'Present', ''),
(1655, 63, 3, '2025-04-09', 'Present', ''),
(1656, 64, 3, '2025-04-09', 'Present', ''),
(1657, 65, 3, '2025-04-09', 'Present', ''),
(1658, 66, 3, '2025-04-09', 'Present', ''),
(1659, 67, 3, '2025-04-09', 'Present', ''),
(1660, 83, 3, '2025-04-09', 'Present', ''),
(1661, 9, 3, '2025-04-09', 'Absent', ''),
(1662, 24, 3, '2025-04-09', 'Absent', ''),
(1663, 26, 3, '2025-04-09', 'Absent', ''),
(1664, 39, 3, '2025-04-09', 'Absent', ''),
(1665, 41, 3, '2025-04-09', 'Absent', ''),
(1666, 48, 3, '2025-04-09', 'Absent', ''),
(1667, 49, 3, '2025-04-09', 'Absent', ''),
(1668, 50, 3, '2025-04-09', 'Present', ''),
(1669, 51, 3, '2025-04-09', 'Present', ''),
(1670, 63, 3, '2025-04-09', 'Present', ''),
(1671, 64, 3, '2025-04-09', 'Present', ''),
(1672, 65, 3, '2025-04-09', 'Present', ''),
(1673, 66, 3, '2025-04-09', 'Present', ''),
(1674, 67, 3, '2025-04-09', 'Present', ''),
(1675, 83, 3, '2025-04-09', 'Present', ''),
(1676, 9, 3, '2025-04-09', 'Absent', ''),
(1677, 24, 3, '2025-04-09', 'Absent', ''),
(1678, 26, 3, '2025-04-09', 'Absent', ''),
(1679, 39, 3, '2025-04-09', 'Absent', ''),
(1680, 41, 3, '2025-04-09', 'Absent', ''),
(1681, 48, 3, '2025-04-09', 'Absent', ''),
(1682, 49, 3, '2025-04-09', 'Absent', ''),
(1683, 50, 3, '2025-04-09', 'Present', ''),
(1684, 51, 3, '2025-04-09', 'Present', ''),
(1685, 63, 3, '2025-04-09', 'Present', ''),
(1686, 64, 3, '2025-04-09', 'Present', ''),
(1687, 65, 3, '2025-04-09', 'Present', ''),
(1688, 66, 3, '2025-04-09', 'Present', ''),
(1689, 67, 3, '2025-04-09', 'Present', ''),
(1690, 83, 3, '2025-04-09', 'Present', ''),
(1691, 9, 3, '2025-04-09', 'Absent', ''),
(1692, 24, 3, '2025-04-09', 'Absent', ''),
(1693, 26, 3, '2025-04-09', 'Absent', ''),
(1694, 39, 3, '2025-04-09', 'Absent', ''),
(1695, 41, 3, '2025-04-09', 'Absent', ''),
(1696, 48, 3, '2025-04-09', 'Absent', ''),
(1697, 49, 3, '2025-04-09', 'Absent', ''),
(1698, 50, 3, '2025-04-09', 'Present', ''),
(1699, 51, 3, '2025-04-09', 'Present', ''),
(1700, 63, 3, '2025-04-09', 'Present', ''),
(1701, 64, 3, '2025-04-09', 'Present', ''),
(1702, 65, 3, '2025-04-09', 'Present', ''),
(1703, 66, 3, '2025-04-09', 'Present', ''),
(1704, 67, 3, '2025-04-09', 'Present', ''),
(1705, 83, 3, '2025-04-09', 'Present', ''),
(1706, 9, 3, '2025-04-09', 'Absent', ''),
(1707, 24, 3, '2025-04-09', 'Absent', ''),
(1708, 26, 3, '2025-04-09', 'Absent', ''),
(1709, 39, 3, '2025-04-09', 'Absent', ''),
(1710, 41, 3, '2025-04-09', 'Absent', ''),
(1711, 48, 3, '2025-04-09', 'Absent', ''),
(1712, 49, 3, '2025-04-09', 'Absent', ''),
(1713, 50, 3, '2025-04-09', 'Present', ''),
(1714, 51, 3, '2025-04-09', 'Present', ''),
(1715, 63, 3, '2025-04-09', 'Present', ''),
(1716, 64, 3, '2025-04-09', 'Present', ''),
(1717, 65, 3, '2025-04-09', 'Present', ''),
(1718, 66, 3, '2025-04-09', 'Present', ''),
(1719, 67, 3, '2025-04-09', 'Present', ''),
(1720, 83, 3, '2025-04-09', 'Present', ''),
(1721, 9, 3, '2025-04-09', 'Absent', ''),
(1722, 24, 3, '2025-04-09', 'Absent', ''),
(1723, 26, 3, '2025-04-09', 'Absent', ''),
(1724, 39, 3, '2025-04-09', 'Absent', ''),
(1725, 41, 3, '2025-04-09', 'Absent', ''),
(1726, 48, 3, '2025-04-09', 'Absent', ''),
(1727, 49, 3, '2025-04-09', 'Absent', ''),
(1728, 50, 3, '2025-04-09', 'Present', ''),
(1729, 51, 3, '2025-04-09', 'Present', ''),
(1730, 63, 3, '2025-04-09', 'Present', ''),
(1731, 64, 3, '2025-04-09', 'Present', ''),
(1732, 65, 3, '2025-04-09', 'Present', ''),
(1733, 66, 3, '2025-04-09', 'Present', ''),
(1734, 67, 3, '2025-04-09', 'Present', ''),
(1735, 83, 3, '2025-04-09', 'Present', ''),
(1736, 9, 3, '2025-04-09', 'Absent', ''),
(1737, 24, 3, '2025-04-09', 'Absent', ''),
(1738, 26, 3, '2025-04-09', 'Absent', ''),
(1739, 39, 3, '2025-04-09', 'Absent', ''),
(1740, 41, 3, '2025-04-09', 'Absent', ''),
(1741, 48, 3, '2025-04-09', 'Absent', ''),
(1742, 49, 3, '2025-04-09', 'Absent', ''),
(1743, 50, 3, '2025-04-09', 'Present', ''),
(1744, 51, 3, '2025-04-09', 'Present', ''),
(1745, 63, 3, '2025-04-09', 'Present', ''),
(1746, 64, 3, '2025-04-09', 'Present', ''),
(1747, 65, 3, '2025-04-09', 'Present', ''),
(1748, 66, 3, '2025-04-09', 'Present', ''),
(1749, 67, 3, '2025-04-09', 'Present', ''),
(1750, 83, 3, '2025-04-09', 'Present', ''),
(1751, 9, 3, '2025-04-09', 'Absent', ''),
(1752, 24, 3, '2025-04-09', 'Absent', ''),
(1753, 26, 3, '2025-04-09', 'Absent', ''),
(1754, 39, 3, '2025-04-09', 'Absent', ''),
(1755, 41, 3, '2025-04-09', 'Absent', ''),
(1756, 48, 3, '2025-04-09', 'Absent', ''),
(1757, 49, 3, '2025-04-09', 'Absent', ''),
(1758, 50, 3, '2025-04-09', 'Present', ''),
(1759, 51, 3, '2025-04-09', 'Present', ''),
(1760, 63, 3, '2025-04-09', 'Present', ''),
(1761, 64, 3, '2025-04-09', 'Present', ''),
(1762, 65, 3, '2025-04-09', 'Present', ''),
(1763, 66, 3, '2025-04-09', 'Present', ''),
(1764, 67, 3, '2025-04-09', 'Present', ''),
(1765, 83, 3, '2025-04-09', 'Present', ''),
(1766, 9, 3, '2025-04-09', 'Absent', ''),
(1767, 24, 3, '2025-04-09', 'Absent', ''),
(1768, 26, 3, '2025-04-09', 'Absent', ''),
(1769, 39, 3, '2025-04-09', 'Absent', ''),
(1770, 41, 3, '2025-04-09', 'Absent', ''),
(1771, 48, 3, '2025-04-09', 'Absent', ''),
(1772, 49, 3, '2025-04-09', 'Absent', ''),
(1773, 50, 3, '2025-04-09', 'Present', ''),
(1774, 51, 3, '2025-04-09', 'Present', ''),
(1775, 63, 3, '2025-04-09', 'Present', ''),
(1776, 64, 3, '2025-04-09', 'Present', ''),
(1777, 65, 3, '2025-04-09', 'Present', ''),
(1778, 66, 3, '2025-04-09', 'Present', ''),
(1779, 67, 3, '2025-04-09', 'Present', ''),
(1780, 83, 3, '2025-04-09', 'Present', ''),
(1781, 9, 3, '2025-04-09', 'Absent', ''),
(1782, 24, 3, '2025-04-09', 'Absent', ''),
(1783, 26, 3, '2025-04-09', 'Absent', ''),
(1784, 39, 3, '2025-04-09', 'Absent', ''),
(1785, 41, 3, '2025-04-09', 'Absent', ''),
(1786, 48, 3, '2025-04-09', 'Absent', ''),
(1787, 49, 3, '2025-04-09', 'Absent', ''),
(1788, 50, 3, '2025-04-09', 'Present', ''),
(1789, 51, 3, '2025-04-09', 'Present', ''),
(1790, 63, 3, '2025-04-09', 'Present', ''),
(1791, 64, 3, '2025-04-09', 'Present', ''),
(1792, 65, 3, '2025-04-09', 'Present', ''),
(1793, 66, 3, '2025-04-09', 'Present', ''),
(1794, 67, 3, '2025-04-09', 'Present', ''),
(1795, 83, 3, '2025-04-09', 'Present', ''),
(1796, 9, 3, '2025-04-09', 'Absent', ''),
(1797, 24, 3, '2025-04-09', 'Absent', ''),
(1798, 26, 3, '2025-04-09', 'Absent', ''),
(1799, 39, 3, '2025-04-09', 'Absent', ''),
(1800, 41, 3, '2025-04-09', 'Absent', ''),
(1801, 48, 3, '2025-04-09', 'Absent', ''),
(1802, 49, 3, '2025-04-09', 'Absent', ''),
(1803, 50, 3, '2025-04-09', 'Present', ''),
(1804, 51, 3, '2025-04-09', 'Present', ''),
(1805, 63, 3, '2025-04-09', 'Present', ''),
(1806, 64, 3, '2025-04-09', 'Present', ''),
(1807, 65, 3, '2025-04-09', 'Present', ''),
(1808, 66, 3, '2025-04-09', 'Present', ''),
(1809, 67, 3, '2025-04-09', 'Present', ''),
(1810, 83, 3, '2025-04-09', 'Present', ''),
(1811, 9, 3, '2025-04-09', 'Absent', ''),
(1812, 24, 3, '2025-04-09', 'Absent', ''),
(1813, 26, 3, '2025-04-09', 'Absent', ''),
(1814, 39, 3, '2025-04-09', 'Absent', ''),
(1815, 41, 3, '2025-04-09', 'Absent', ''),
(1816, 48, 3, '2025-04-09', 'Absent', ''),
(1817, 49, 3, '2025-04-09', 'Absent', ''),
(1818, 50, 3, '2025-04-09', 'Present', ''),
(1819, 51, 3, '2025-04-09', 'Present', ''),
(1820, 63, 3, '2025-04-09', 'Present', ''),
(1821, 64, 3, '2025-04-09', 'Present', ''),
(1822, 65, 3, '2025-04-09', 'Present', ''),
(1823, 66, 3, '2025-04-09', 'Present', ''),
(1824, 67, 3, '2025-04-09', 'Present', ''),
(1825, 83, 3, '2025-04-09', 'Present', ''),
(1826, 9, 3, '2025-04-09', 'Absent', ''),
(1827, 24, 3, '2025-04-09', 'Absent', ''),
(1828, 26, 3, '2025-04-09', 'Absent', ''),
(1829, 39, 3, '2025-04-09', 'Absent', ''),
(1830, 41, 3, '2025-04-09', 'Absent', ''),
(1831, 48, 3, '2025-04-09', 'Absent', ''),
(1832, 49, 3, '2025-04-09', 'Absent', ''),
(1833, 50, 3, '2025-04-09', 'Present', ''),
(1834, 51, 3, '2025-04-09', 'Present', ''),
(1835, 63, 3, '2025-04-09', 'Present', ''),
(1836, 64, 3, '2025-04-09', 'Present', ''),
(1837, 65, 3, '2025-04-09', 'Present', ''),
(1838, 66, 3, '2025-04-09', 'Present', ''),
(1839, 67, 3, '2025-04-09', 'Present', ''),
(1840, 83, 3, '2025-04-09', 'Present', ''),
(1841, 9, 3, '2025-04-09', 'Absent', ''),
(1842, 24, 3, '2025-04-09', 'Absent', ''),
(1843, 26, 3, '2025-04-09', 'Absent', ''),
(1844, 39, 3, '2025-04-09', 'Absent', ''),
(1845, 41, 3, '2025-04-09', 'Absent', ''),
(1846, 48, 3, '2025-04-09', 'Absent', ''),
(1847, 49, 3, '2025-04-09', 'Present', ''),
(1848, 50, 3, '2025-04-09', 'Absent', ''),
(1849, 51, 3, '2025-04-09', 'Absent', ''),
(1850, 63, 3, '2025-04-09', 'Absent', ''),
(1851, 64, 3, '2025-04-09', 'Absent', ''),
(1852, 65, 3, '2025-04-09', 'Absent', ''),
(1853, 66, 3, '2025-04-09', 'Absent', ''),
(1854, 67, 3, '2025-04-09', 'Absent', ''),
(1855, 83, 3, '2025-04-09', 'Present', ''),
(1856, 9, 3, '2025-04-09', 'Absent', ''),
(1857, 24, 3, '2025-04-09', 'Absent', ''),
(1858, 26, 3, '2025-04-09', 'Absent', ''),
(1859, 39, 3, '2025-04-09', 'Absent', ''),
(1860, 41, 3, '2025-04-09', 'Absent', ''),
(1861, 48, 3, '2025-04-09', 'Absent', ''),
(1862, 49, 3, '2025-04-09', 'Present', ''),
(1863, 50, 3, '2025-04-09', 'Absent', ''),
(1864, 51, 3, '2025-04-09', 'Absent', ''),
(1865, 63, 3, '2025-04-09', 'Absent', ''),
(1866, 64, 3, '2025-04-09', 'Absent', ''),
(1867, 65, 3, '2025-04-09', 'Absent', ''),
(1868, 66, 3, '2025-04-09', 'Absent', ''),
(1869, 67, 3, '2025-04-09', 'Absent', ''),
(1870, 83, 3, '2025-04-09', 'Present', ''),
(1871, 9, 3, '2025-04-09', 'Absent', ''),
(1872, 24, 3, '2025-04-09', 'Absent', ''),
(1873, 26, 3, '2025-04-09', 'Absent', ''),
(1874, 39, 3, '2025-04-09', 'Absent', ''),
(1875, 41, 3, '2025-04-09', 'Absent', ''),
(1876, 48, 3, '2025-04-09', 'Absent', ''),
(1877, 49, 3, '2025-04-09', 'Present', ''),
(1878, 50, 3, '2025-04-09', 'Absent', ''),
(1879, 51, 3, '2025-04-09', 'Absent', ''),
(1880, 63, 3, '2025-04-09', 'Absent', ''),
(1881, 64, 3, '2025-04-09', 'Absent', ''),
(1882, 65, 3, '2025-04-09', 'Absent', ''),
(1883, 66, 3, '2025-04-09', 'Absent', ''),
(1884, 67, 3, '2025-04-09', 'Absent', ''),
(1885, 83, 3, '2025-04-09', 'Present', ''),
(1886, 9, 3, '2025-04-09', 'Absent', ''),
(1887, 24, 3, '2025-04-09', 'Absent', ''),
(1888, 26, 3, '2025-04-09', 'Absent', ''),
(1889, 39, 3, '2025-04-09', 'Absent', ''),
(1890, 41, 3, '2025-04-09', 'Absent', ''),
(1891, 48, 3, '2025-04-09', 'Absent', ''),
(1892, 49, 3, '2025-04-09', 'Present', ''),
(1893, 50, 3, '2025-04-09', 'Absent', ''),
(1894, 51, 3, '2025-04-09', 'Absent', ''),
(1895, 63, 3, '2025-04-09', 'Absent', ''),
(1896, 64, 3, '2025-04-09', 'Absent', ''),
(1897, 65, 3, '2025-04-09', 'Absent', ''),
(1898, 66, 3, '2025-04-09', 'Absent', ''),
(1899, 67, 3, '2025-04-09', 'Absent', ''),
(1900, 83, 3, '2025-04-09', 'Present', ''),
(1901, 9, 3, '2025-04-09', 'Absent', ''),
(1902, 24, 3, '2025-04-09', 'Absent', ''),
(1903, 26, 3, '2025-04-09', 'Absent', ''),
(1904, 39, 3, '2025-04-09', 'Absent', ''),
(1905, 41, 3, '2025-04-09', 'Absent', ''),
(1906, 48, 3, '2025-04-09', 'Absent', ''),
(1907, 49, 3, '2025-04-09', 'Present', ''),
(1908, 50, 3, '2025-04-09', 'Absent', ''),
(1909, 51, 3, '2025-04-09', 'Absent', ''),
(1910, 63, 3, '2025-04-09', 'Absent', ''),
(1911, 64, 3, '2025-04-09', 'Absent', ''),
(1912, 65, 3, '2025-04-09', 'Absent', ''),
(1913, 66, 3, '2025-04-09', 'Absent', ''),
(1914, 67, 3, '2025-04-09', 'Absent', ''),
(1915, 83, 3, '2025-04-09', 'Present', ''),
(1916, 9, 3, '2025-04-09', 'Absent', ''),
(1917, 24, 3, '2025-04-09', 'Absent', ''),
(1918, 26, 3, '2025-04-09', 'Absent', ''),
(1919, 39, 3, '2025-04-09', 'Absent', ''),
(1920, 41, 3, '2025-04-09', 'Absent', ''),
(1921, 48, 3, '2025-04-09', 'Absent', ''),
(1922, 49, 3, '2025-04-09', 'Present', ''),
(1923, 50, 3, '2025-04-09', 'Absent', ''),
(1924, 51, 3, '2025-04-09', 'Absent', ''),
(1925, 63, 3, '2025-04-09', 'Absent', ''),
(1926, 64, 3, '2025-04-09', 'Absent', ''),
(1927, 65, 3, '2025-04-09', 'Absent', ''),
(1928, 66, 3, '2025-04-09', 'Absent', ''),
(1929, 67, 3, '2025-04-09', 'Absent', ''),
(1930, 83, 3, '2025-04-09', 'Present', ''),
(1931, 9, 3, '2025-04-09', 'Absent', ''),
(1932, 24, 3, '2025-04-09', 'Absent', ''),
(1933, 26, 3, '2025-04-09', 'Absent', ''),
(1934, 39, 3, '2025-04-09', 'Absent', ''),
(1935, 41, 3, '2025-04-09', 'Absent', ''),
(1936, 48, 3, '2025-04-09', 'Absent', ''),
(1937, 49, 3, '2025-04-09', 'Present', ''),
(1938, 50, 3, '2025-04-09', 'Absent', ''),
(1939, 51, 3, '2025-04-09', 'Absent', ''),
(1940, 63, 3, '2025-04-09', 'Absent', ''),
(1941, 64, 3, '2025-04-09', 'Absent', ''),
(1942, 65, 3, '2025-04-09', 'Absent', ''),
(1943, 66, 3, '2025-04-09', 'Absent', ''),
(1944, 67, 3, '2025-04-09', 'Absent', ''),
(1945, 83, 3, '2025-04-09', 'Present', ''),
(1946, 9, 3, '2025-04-09', 'Absent', ''),
(1947, 24, 3, '2025-04-09', 'Absent', ''),
(1948, 26, 3, '2025-04-09', 'Absent', ''),
(1949, 39, 3, '2025-04-09', 'Absent', ''),
(1950, 41, 3, '2025-04-09', 'Absent', ''),
(1951, 48, 3, '2025-04-09', 'Absent', ''),
(1952, 49, 3, '2025-04-09', 'Present', ''),
(1953, 50, 3, '2025-04-09', 'Absent', ''),
(1954, 51, 3, '2025-04-09', 'Absent', ''),
(1955, 63, 3, '2025-04-09', 'Absent', ''),
(1956, 64, 3, '2025-04-09', 'Absent', ''),
(1957, 65, 3, '2025-04-09', 'Absent', ''),
(1958, 66, 3, '2025-04-09', 'Absent', ''),
(1959, 67, 3, '2025-04-09', 'Absent', ''),
(1960, 83, 3, '2025-04-09', 'Present', ''),
(1961, 9, 3, '2025-04-09', 'Present', ''),
(1962, 24, 3, '2025-04-09', 'Present', ''),
(1963, 26, 3, '2025-04-09', 'Present', ''),
(1964, 39, 3, '2025-04-09', 'Present', ''),
(1965, 41, 3, '2025-04-09', 'Present', ''),
(1966, 48, 3, '2025-04-09', 'Present', ''),
(1967, 49, 3, '2025-04-09', 'Present', ''),
(1968, 50, 3, '2025-04-09', 'Absent', ''),
(1969, 51, 3, '2025-04-09', 'Absent', ''),
(1970, 63, 3, '2025-04-09', 'Absent', ''),
(1971, 64, 3, '2025-04-09', 'Absent', ''),
(1972, 65, 3, '2025-04-09', 'Absent', ''),
(1973, 66, 3, '2025-04-09', 'Absent', ''),
(1974, 67, 3, '2025-04-09', 'Absent', ''),
(1975, 83, 3, '2025-04-09', 'Present', ''),
(1976, 9, 3, '2025-04-09', 'Present', ''),
(1977, 24, 3, '2025-04-09', 'Present', ''),
(1978, 26, 3, '2025-04-09', 'Present', ''),
(1979, 39, 3, '2025-04-09', 'Present', ''),
(1980, 41, 3, '2025-04-09', 'Present', ''),
(1981, 48, 3, '2025-04-09', 'Present', ''),
(1982, 49, 3, '2025-04-09', 'Present', ''),
(1983, 50, 3, '2025-04-09', 'Absent', ''),
(1984, 51, 3, '2025-04-09', 'Absent', ''),
(1985, 63, 3, '2025-04-09', 'Absent', ''),
(1986, 64, 3, '2025-04-09', 'Absent', ''),
(1987, 65, 3, '2025-04-09', 'Absent', ''),
(1988, 66, 3, '2025-04-09', 'Absent', ''),
(1989, 67, 3, '2025-04-09', 'Absent', ''),
(1990, 83, 3, '2025-04-09', 'Present', ''),
(1991, 9, 3, '2025-04-09', 'Present', ''),
(1992, 24, 3, '2025-04-09', 'Present', ''),
(1993, 26, 3, '2025-04-09', 'Present', ''),
(1994, 39, 3, '2025-04-09', 'Present', ''),
(1995, 41, 3, '2025-04-09', 'Present', ''),
(1996, 48, 3, '2025-04-09', 'Present', ''),
(1997, 49, 3, '2025-04-09', 'Present', ''),
(1998, 50, 3, '2025-04-09', 'Absent', ''),
(1999, 51, 3, '2025-04-09', 'Absent', ''),
(2000, 63, 3, '2025-04-09', 'Absent', ''),
(2001, 64, 3, '2025-04-09', 'Absent', ''),
(2002, 65, 3, '2025-04-09', 'Absent', ''),
(2003, 66, 3, '2025-04-09', 'Absent', ''),
(2004, 67, 3, '2025-04-09', 'Absent', ''),
(2005, 83, 3, '2025-04-09', 'Present', ''),
(2006, 9, 3, '2025-04-09', 'Present', ''),
(2007, 24, 3, '2025-04-09', 'Present', ''),
(2008, 26, 3, '2025-04-09', 'Present', ''),
(2009, 39, 3, '2025-04-09', 'Present', ''),
(2010, 41, 3, '2025-04-09', 'Present', ''),
(2011, 48, 3, '2025-04-09', 'Present', ''),
(2012, 49, 3, '2025-04-09', 'Present', ''),
(2013, 50, 3, '2025-04-09', 'Absent', ''),
(2014, 51, 3, '2025-04-09', 'Absent', ''),
(2015, 63, 3, '2025-04-09', 'Absent', ''),
(2016, 64, 3, '2025-04-09', 'Absent', ''),
(2017, 65, 3, '2025-04-09', 'Absent', ''),
(2018, 66, 3, '2025-04-09', 'Absent', ''),
(2019, 67, 3, '2025-04-09', 'Absent', ''),
(2020, 83, 3, '2025-04-09', 'Present', ''),
(2021, 9, 3, '2025-04-09', 'Present', ''),
(2022, 24, 3, '2025-04-09', 'Present', ''),
(2023, 26, 3, '2025-04-09', 'Present', ''),
(2024, 39, 3, '2025-04-09', 'Present', ''),
(2025, 41, 3, '2025-04-09', 'Present', ''),
(2026, 48, 3, '2025-04-09', 'Present', ''),
(2027, 49, 3, '2025-04-09', 'Present', ''),
(2028, 50, 3, '2025-04-09', 'Absent', ''),
(2029, 51, 3, '2025-04-09', 'Absent', ''),
(2030, 63, 3, '2025-04-09', 'Absent', ''),
(2031, 64, 3, '2025-04-09', 'Absent', ''),
(2032, 65, 3, '2025-04-09', 'Absent', ''),
(2033, 66, 3, '2025-04-09', 'Absent', ''),
(2034, 67, 3, '2025-04-09', 'Absent', ''),
(2035, 83, 3, '2025-04-09', 'Present', ''),
(2036, 9, 3, '2025-04-09', 'Present', ''),
(2037, 24, 3, '2025-04-09', 'Present', ''),
(2038, 26, 3, '2025-04-09', 'Present', ''),
(2039, 39, 3, '2025-04-09', 'Present', ''),
(2040, 41, 3, '2025-04-09', 'Present', ''),
(2041, 48, 3, '2025-04-09', 'Present', ''),
(2042, 49, 3, '2025-04-09', 'Present', ''),
(2043, 50, 3, '2025-04-09', 'Absent', ''),
(2044, 51, 3, '2025-04-09', 'Absent', ''),
(2045, 63, 3, '2025-04-09', 'Absent', ''),
(2046, 64, 3, '2025-04-09', 'Absent', ''),
(2047, 65, 3, '2025-04-09', 'Absent', ''),
(2048, 66, 3, '2025-04-09', 'Absent', ''),
(2049, 67, 3, '2025-04-09', 'Absent', ''),
(2050, 83, 3, '2025-04-09', 'Present', ''),
(2051, 9, 3, '2025-04-09', 'Present', ''),
(2052, 24, 3, '2025-04-09', 'Present', ''),
(2053, 26, 3, '2025-04-09', 'Present', ''),
(2054, 39, 3, '2025-04-09', 'Present', ''),
(2055, 41, 3, '2025-04-09', 'Present', ''),
(2056, 48, 3, '2025-04-09', 'Present', ''),
(2057, 49, 3, '2025-04-09', 'Present', ''),
(2058, 50, 3, '2025-04-09', 'Absent', ''),
(2059, 51, 3, '2025-04-09', 'Absent', ''),
(2060, 63, 3, '2025-04-09', 'Absent', ''),
(2061, 64, 3, '2025-04-09', 'Absent', ''),
(2062, 65, 3, '2025-04-09', 'Absent', ''),
(2063, 66, 3, '2025-04-09', 'Absent', ''),
(2064, 67, 3, '2025-04-09', 'Absent', ''),
(2065, 83, 3, '2025-04-09', 'Present', ''),
(2066, 9, 3, '2025-04-09', 'Present', ''),
(2067, 24, 3, '2025-04-09', 'Present', ''),
(2068, 26, 3, '2025-04-09', 'Present', ''),
(2069, 39, 3, '2025-04-09', 'Present', ''),
(2070, 41, 3, '2025-04-09', 'Present', ''),
(2071, 48, 3, '2025-04-09', 'Present', ''),
(2072, 49, 3, '2025-04-09', 'Present', ''),
(2073, 50, 3, '2025-04-09', 'Absent', ''),
(2074, 51, 3, '2025-04-09', 'Absent', ''),
(2075, 63, 3, '2025-04-09', 'Absent', ''),
(2076, 64, 3, '2025-04-09', 'Absent', ''),
(2077, 65, 3, '2025-04-09', 'Absent', ''),
(2078, 66, 3, '2025-04-09', 'Absent', ''),
(2079, 67, 3, '2025-04-09', 'Absent', ''),
(2080, 83, 3, '2025-04-09', 'Present', ''),
(2081, 9, 3, '2025-04-09', 'Present', ''),
(2082, 24, 3, '2025-04-09', 'Present', ''),
(2083, 26, 3, '2025-04-09', 'Present', ''),
(2084, 39, 3, '2025-04-09', 'Present', ''),
(2085, 41, 3, '2025-04-09', 'Present', ''),
(2086, 48, 3, '2025-04-09', 'Present', ''),
(2087, 49, 3, '2025-04-09', 'Present', ''),
(2088, 50, 3, '2025-04-09', 'Absent', ''),
(2089, 51, 3, '2025-04-09', 'Absent', ''),
(2090, 63, 3, '2025-04-09', 'Absent', ''),
(2091, 64, 3, '2025-04-09', 'Absent', ''),
(2092, 65, 3, '2025-04-09', 'Absent', ''),
(2093, 66, 3, '2025-04-09', 'Absent', ''),
(2094, 67, 3, '2025-04-09', 'Absent', ''),
(2095, 83, 3, '2025-04-09', 'Present', ''),
(2096, 9, 3, '2025-04-09', 'Present', ''),
(2097, 24, 3, '2025-04-09', 'Present', ''),
(2098, 26, 3, '2025-04-09', 'Present', ''),
(2099, 39, 3, '2025-04-09', 'Present', ''),
(2100, 41, 3, '2025-04-09', 'Present', ''),
(2101, 48, 3, '2025-04-09', 'Present', ''),
(2102, 49, 3, '2025-04-09', 'Present', ''),
(2103, 50, 3, '2025-04-09', 'Absent', ''),
(2104, 51, 3, '2025-04-09', 'Absent', ''),
(2105, 63, 3, '2025-04-09', 'Absent', ''),
(2106, 64, 3, '2025-04-09', 'Absent', ''),
(2107, 65, 3, '2025-04-09', 'Absent', ''),
(2108, 66, 3, '2025-04-09', 'Absent', ''),
(2109, 67, 3, '2025-04-09', 'Absent', ''),
(2110, 83, 3, '2025-04-09', 'Present', ''),
(2111, 9, 3, '2025-04-09', 'Present', ''),
(2112, 24, 3, '2025-04-09', 'Present', ''),
(2113, 26, 3, '2025-04-09', 'Present', ''),
(2114, 39, 3, '2025-04-09', 'Present', ''),
(2115, 41, 3, '2025-04-09', 'Present', ''),
(2116, 48, 3, '2025-04-09', 'Present', ''),
(2117, 49, 3, '2025-04-09', 'Present', ''),
(2118, 50, 3, '2025-04-09', 'Absent', ''),
(2119, 51, 3, '2025-04-09', 'Absent', ''),
(2120, 63, 3, '2025-04-09', 'Absent', ''),
(2121, 64, 3, '2025-04-09', 'Absent', ''),
(2122, 65, 3, '2025-04-09', 'Absent', ''),
(2123, 66, 3, '2025-04-09', 'Absent', ''),
(2124, 67, 3, '2025-04-09', 'Absent', ''),
(2125, 83, 3, '2025-04-09', 'Present', ''),
(2126, 9, 3, '2025-04-09', 'Present', ''),
(2127, 24, 3, '2025-04-09', 'Present', ''),
(2128, 26, 3, '2025-04-09', 'Present', ''),
(2129, 39, 3, '2025-04-09', 'Present', ''),
(2130, 41, 3, '2025-04-09', 'Present', ''),
(2131, 48, 3, '2025-04-09', 'Present', ''),
(2132, 49, 3, '2025-04-09', 'Present', ''),
(2133, 50, 3, '2025-04-09', 'Absent', ''),
(2134, 51, 3, '2025-04-09', 'Absent', ''),
(2135, 63, 3, '2025-04-09', 'Absent', ''),
(2136, 64, 3, '2025-04-09', 'Absent', ''),
(2137, 65, 3, '2025-04-09', 'Absent', ''),
(2138, 66, 3, '2025-04-09', 'Absent', ''),
(2139, 67, 3, '2025-04-09', 'Absent', ''),
(2140, 83, 3, '2025-04-09', 'Present', ''),
(2141, 9, 3, '2025-04-09', 'Present', ''),
(2142, 24, 3, '2025-04-09', 'Present', ''),
(2143, 26, 3, '2025-04-09', 'Present', ''),
(2144, 39, 3, '2025-04-09', 'Present', ''),
(2145, 41, 3, '2025-04-09', 'Present', ''),
(2146, 48, 3, '2025-04-09', 'Present', ''),
(2147, 49, 3, '2025-04-09', 'Present', ''),
(2148, 50, 3, '2025-04-09', 'Absent', ''),
(2149, 51, 3, '2025-04-09', 'Absent', ''),
(2150, 63, 3, '2025-04-09', 'Absent', ''),
(2151, 64, 3, '2025-04-09', 'Absent', ''),
(2152, 65, 3, '2025-04-09', 'Absent', ''),
(2153, 66, 3, '2025-04-09', 'Absent', ''),
(2154, 67, 3, '2025-04-09', 'Absent', ''),
(2155, 83, 3, '2025-04-09', 'Present', ''),
(2156, 9, 3, '2025-04-09', 'Present', ''),
(2157, 24, 3, '2025-04-09', 'Present', ''),
(2158, 26, 3, '2025-04-09', 'Present', ''),
(2159, 39, 3, '2025-04-09', 'Present', ''),
(2160, 41, 3, '2025-04-09', 'Present', ''),
(2161, 48, 3, '2025-04-09', 'Present', ''),
(2162, 49, 3, '2025-04-09', 'Present', ''),
(2163, 50, 3, '2025-04-09', 'Absent', ''),
(2164, 51, 3, '2025-04-09', 'Absent', ''),
(2165, 63, 3, '2025-04-09', 'Absent', ''),
(2166, 64, 3, '2025-04-09', 'Absent', ''),
(2167, 65, 3, '2025-04-09', 'Absent', ''),
(2168, 66, 3, '2025-04-09', 'Absent', ''),
(2169, 67, 3, '2025-04-09', 'Absent', ''),
(2170, 83, 3, '2025-04-09', 'Present', ''),
(2171, 9, 3, '2025-04-09', 'Present', ''),
(2172, 24, 3, '2025-04-09', 'Present', ''),
(2173, 26, 3, '2025-04-09', 'Present', ''),
(2174, 39, 3, '2025-04-09', 'Present', ''),
(2175, 41, 3, '2025-04-09', 'Present', ''),
(2176, 48, 3, '2025-04-09', 'Present', ''),
(2177, 49, 3, '2025-04-09', 'Present', ''),
(2178, 50, 3, '2025-04-09', 'Absent', ''),
(2179, 51, 3, '2025-04-09', 'Absent', ''),
(2180, 63, 3, '2025-04-09', 'Absent', ''),
(2181, 64, 3, '2025-04-09', 'Absent', ''),
(2182, 65, 3, '2025-04-09', 'Absent', ''),
(2183, 66, 3, '2025-04-09', 'Absent', ''),
(2184, 67, 3, '2025-04-09', 'Absent', ''),
(2185, 83, 3, '2025-04-09', 'Present', ''),
(2186, 9, 3, '2025-04-09', 'Present', ''),
(2187, 24, 3, '2025-04-09', 'Present', ''),
(2188, 26, 3, '2025-04-09', 'Present', ''),
(2189, 39, 3, '2025-04-09', 'Present', ''),
(2190, 41, 3, '2025-04-09', 'Present', ''),
(2191, 48, 3, '2025-04-09', 'Present', ''),
(2192, 49, 3, '2025-04-09', 'Present', ''),
(2193, 50, 3, '2025-04-09', 'Present', ''),
(2194, 51, 3, '2025-04-09', 'Present', ''),
(2195, 63, 3, '2025-04-09', 'Present', ''),
(2196, 64, 3, '2025-04-09', 'Present', ''),
(2197, 65, 3, '2025-04-09', 'Present', ''),
(2198, 66, 3, '2025-04-09', 'Present', ''),
(2199, 67, 3, '2025-04-09', 'Present', ''),
(2200, 83, 3, '2025-04-09', 'Absent', ''),
(2201, 9, 3, '2025-04-09', 'Present', ''),
(2202, 24, 3, '2025-04-09', 'Present', ''),
(2203, 26, 3, '2025-04-09', 'Present', ''),
(2204, 39, 3, '2025-04-09', 'Present', ''),
(2205, 41, 3, '2025-04-09', 'Present', ''),
(2206, 48, 3, '2025-04-09', 'Present', ''),
(2207, 49, 3, '2025-04-09', 'Present', ''),
(2208, 50, 3, '2025-04-09', 'Present', ''),
(2209, 51, 3, '2025-04-09', 'Present', ''),
(2210, 63, 3, '2025-04-09', 'Present', ''),
(2211, 64, 3, '2025-04-09', 'Present', ''),
(2212, 65, 3, '2025-04-09', 'Present', ''),
(2213, 66, 3, '2025-04-09', 'Present', ''),
(2214, 67, 3, '2025-04-09', 'Present', ''),
(2215, 83, 3, '2025-04-09', 'Absent', ''),
(2216, 9, 3, '2025-04-09', 'Present', ''),
(2217, 24, 3, '2025-04-09', 'Present', ''),
(2218, 26, 3, '2025-04-09', 'Present', ''),
(2219, 39, 3, '2025-04-09', 'Present', ''),
(2220, 41, 3, '2025-04-09', 'Present', ''),
(2221, 48, 3, '2025-04-09', 'Present', ''),
(2222, 49, 3, '2025-04-09', 'Present', ''),
(2223, 50, 3, '2025-04-09', 'Present', ''),
(2224, 51, 3, '2025-04-09', 'Present', ''),
(2225, 63, 3, '2025-04-09', 'Present', ''),
(2226, 64, 3, '2025-04-09', 'Present', ''),
(2227, 65, 3, '2025-04-09', 'Present', ''),
(2228, 66, 3, '2025-04-09', 'Present', ''),
(2229, 67, 3, '2025-04-09', 'Present', ''),
(2230, 83, 3, '2025-04-09', 'Absent', ''),
(2231, 9, 3, '2025-04-09', 'Present', ''),
(2232, 24, 3, '2025-04-09', 'Present', ''),
(2233, 26, 3, '2025-04-09', 'Present', ''),
(2234, 39, 3, '2025-04-09', 'Present', ''),
(2235, 41, 3, '2025-04-09', 'Present', ''),
(2236, 48, 3, '2025-04-09', 'Present', ''),
(2237, 49, 3, '2025-04-09', 'Present', ''),
(2238, 50, 3, '2025-04-09', 'Present', ''),
(2239, 51, 3, '2025-04-09', 'Present', ''),
(2240, 63, 3, '2025-04-09', 'Present', ''),
(2241, 64, 3, '2025-04-09', 'Present', ''),
(2242, 65, 3, '2025-04-09', 'Present', ''),
(2243, 66, 3, '2025-04-09', 'Present', ''),
(2244, 67, 3, '2025-04-09', 'Present', ''),
(2245, 83, 3, '2025-04-09', 'Absent', ''),
(2246, 9, 3, '2025-04-09', 'Present', ''),
(2247, 24, 3, '2025-04-09', 'Present', ''),
(2248, 26, 3, '2025-04-09', 'Present', ''),
(2249, 39, 3, '2025-04-09', 'Present', ''),
(2250, 41, 3, '2025-04-09', 'Present', ''),
(2251, 48, 3, '2025-04-09', 'Present', ''),
(2252, 49, 3, '2025-04-09', 'Present', ''),
(2253, 50, 3, '2025-04-09', 'Present', ''),
(2254, 51, 3, '2025-04-09', 'Present', ''),
(2255, 63, 3, '2025-04-09', 'Present', ''),
(2256, 64, 3, '2025-04-09', 'Present', ''),
(2257, 65, 3, '2025-04-09', 'Present', ''),
(2258, 66, 3, '2025-04-09', 'Present', ''),
(2259, 67, 3, '2025-04-09', 'Present', ''),
(2260, 83, 3, '2025-04-09', 'Absent', ''),
(2261, 11, 2, '2025-04-09', 'Present', ''),
(2262, 31, 2, '2025-04-09', 'Present', ''),
(2263, 33, 2, '2025-04-09', 'Present', ''),
(2264, 40, 2, '2025-04-09', 'Present', ''),
(2265, 42, 2, '2025-04-09', 'Present', ''),
(2266, 46, 2, '2025-04-09', 'Present', ''),
(2267, 47, 2, '2025-04-09', 'Absent', ''),
(2268, 58, 2, '2025-04-09', 'Absent', ''),
(2269, 59, 2, '2025-04-09', 'Absent', ''),
(2270, 60, 2, '2025-04-09', 'Absent', ''),
(2271, 61, 2, '2025-04-09', 'Absent', ''),
(2272, 62, 2, '2025-04-09', 'Absent', ''),
(2273, 11, 2, '2025-04-09', 'Present', ''),
(2274, 31, 2, '2025-04-09', 'Present', ''),
(2275, 33, 2, '2025-04-09', 'Present', ''),
(2276, 40, 2, '2025-04-09', 'Present', ''),
(2277, 42, 2, '2025-04-09', 'Present', ''),
(2278, 46, 2, '2025-04-09', 'Present', ''),
(2279, 47, 2, '2025-04-09', 'Absent', ''),
(2280, 58, 2, '2025-04-09', 'Absent', ''),
(2281, 59, 2, '2025-04-09', 'Absent', ''),
(2282, 60, 2, '2025-04-09', 'Absent', ''),
(2283, 61, 2, '2025-04-09', 'Absent', ''),
(2284, 62, 2, '2025-04-09', 'Absent', ''),
(2285, 11, 2, '2025-04-09', 'Present', ''),
(2286, 31, 2, '2025-04-09', 'Present', ''),
(2287, 33, 2, '2025-04-09', 'Present', ''),
(2288, 40, 2, '2025-04-09', 'Present', ''),
(2289, 42, 2, '2025-04-09', 'Present', ''),
(2290, 46, 2, '2025-04-09', 'Present', ''),
(2291, 47, 2, '2025-04-09', 'Absent', ''),
(2292, 58, 2, '2025-04-09', 'Absent', ''),
(2293, 59, 2, '2025-04-09', 'Absent', ''),
(2294, 60, 2, '2025-04-09', 'Absent', ''),
(2295, 61, 2, '2025-04-09', 'Absent', ''),
(2296, 62, 2, '2025-04-09', 'Absent', ''),
(2297, 11, 2, '2025-04-09', 'Present', ''),
(2298, 31, 2, '2025-04-09', 'Present', ''),
(2299, 33, 2, '2025-04-09', 'Present', ''),
(2300, 40, 2, '2025-04-09', 'Present', ''),
(2301, 42, 2, '2025-04-09', 'Present', ''),
(2302, 46, 2, '2025-04-09', 'Present', ''),
(2303, 47, 2, '2025-04-09', 'Absent', ''),
(2304, 58, 2, '2025-04-09', 'Absent', ''),
(2305, 59, 2, '2025-04-09', 'Absent', ''),
(2306, 60, 2, '2025-04-09', 'Absent', ''),
(2307, 61, 2, '2025-04-09', 'Absent', ''),
(2308, 62, 2, '2025-04-09', 'Absent', ''),
(2309, 11, 2, '2025-04-09', 'Present', ''),
(2310, 31, 2, '2025-04-09', 'Present', ''),
(2311, 33, 2, '2025-04-09', 'Present', ''),
(2312, 40, 2, '2025-04-09', 'Present', ''),
(2313, 42, 2, '2025-04-09', 'Present', ''),
(2314, 46, 2, '2025-04-09', 'Present', ''),
(2315, 47, 2, '2025-04-09', 'Absent', ''),
(2316, 58, 2, '2025-04-09', 'Absent', ''),
(2317, 59, 2, '2025-04-09', 'Absent', ''),
(2318, 60, 2, '2025-04-09', 'Absent', ''),
(2319, 61, 2, '2025-04-09', 'Absent', ''),
(2320, 62, 2, '2025-04-09', 'Absent', ''),
(2321, 11, 2, '2025-04-09', 'Present', ''),
(2322, 31, 2, '2025-04-09', 'Present', ''),
(2323, 33, 2, '2025-04-09', 'Present', ''),
(2324, 40, 2, '2025-04-09', 'Present', ''),
(2325, 42, 2, '2025-04-09', 'Present', ''),
(2326, 46, 2, '2025-04-09', 'Present', ''),
(2327, 47, 2, '2025-04-09', 'Absent', ''),
(2328, 58, 2, '2025-04-09', 'Absent', ''),
(2329, 59, 2, '2025-04-09', 'Absent', ''),
(2330, 60, 2, '2025-04-09', 'Absent', ''),
(2331, 61, 2, '2025-04-09', 'Absent', ''),
(2332, 62, 2, '2025-04-09', 'Absent', ''),
(2333, 11, 2, '2025-04-09', 'Present', ''),
(2334, 31, 2, '2025-04-09', 'Present', ''),
(2335, 33, 2, '2025-04-09', 'Present', ''),
(2336, 40, 2, '2025-04-09', 'Present', ''),
(2337, 42, 2, '2025-04-09', 'Present', ''),
(2338, 46, 2, '2025-04-09', 'Present', ''),
(2339, 47, 2, '2025-04-09', 'Absent', ''),
(2340, 58, 2, '2025-04-09', 'Absent', ''),
(2341, 59, 2, '2025-04-09', 'Absent', ''),
(2342, 60, 2, '2025-04-09', 'Absent', ''),
(2343, 61, 2, '2025-04-09', 'Absent', ''),
(2344, 62, 2, '2025-04-09', 'Absent', ''),
(2345, 11, 2, '2025-04-09', 'Present', ''),
(2346, 31, 2, '2025-04-09', 'Present', ''),
(2347, 33, 2, '2025-04-09', 'Present', ''),
(2348, 40, 2, '2025-04-09', 'Present', ''),
(2349, 42, 2, '2025-04-09', 'Present', ''),
(2350, 46, 2, '2025-04-09', 'Present', ''),
(2351, 47, 2, '2025-04-09', 'Absent', ''),
(2352, 58, 2, '2025-04-09', 'Absent', ''),
(2353, 59, 2, '2025-04-09', 'Absent', ''),
(2354, 60, 2, '2025-04-09', 'Absent', ''),
(2355, 61, 2, '2025-04-09', 'Absent', ''),
(2356, 62, 2, '2025-04-09', 'Absent', ''),
(2357, 11, 2, '2025-04-09', 'Present', ''),
(2358, 31, 2, '2025-04-09', 'Present', ''),
(2359, 33, 2, '2025-04-09', 'Present', ''),
(2360, 40, 2, '2025-04-09', 'Present', ''),
(2361, 42, 2, '2025-04-09', 'Present', ''),
(2362, 46, 2, '2025-04-09', 'Present', ''),
(2363, 47, 2, '2025-04-09', 'Absent', ''),
(2364, 58, 2, '2025-04-09', 'Absent', ''),
(2365, 59, 2, '2025-04-09', 'Absent', ''),
(2366, 60, 2, '2025-04-09', 'Absent', ''),
(2367, 61, 2, '2025-04-09', 'Absent', ''),
(2368, 62, 2, '2025-04-09', 'Absent', ''),
(2369, 11, 2, '2025-04-09', 'Present', ''),
(2370, 31, 2, '2025-04-09', 'Present', ''),
(2371, 33, 2, '2025-04-09', 'Present', ''),
(2372, 40, 2, '2025-04-09', 'Present', ''),
(2373, 42, 2, '2025-04-09', 'Present', ''),
(2374, 46, 2, '2025-04-09', 'Present', ''),
(2375, 47, 2, '2025-04-09', 'Absent', ''),
(2376, 58, 2, '2025-04-09', 'Absent', ''),
(2377, 59, 2, '2025-04-09', 'Absent', ''),
(2378, 60, 2, '2025-04-09', 'Absent', ''),
(2379, 61, 2, '2025-04-09', 'Absent', ''),
(2380, 62, 2, '2025-04-09', 'Absent', ''),
(2381, 11, 2, '2025-04-09', 'Absent', ''),
(2382, 31, 2, '2025-04-09', 'Absent', ''),
(2383, 33, 2, '2025-04-09', 'Absent', ''),
(2384, 40, 2, '2025-04-09', 'Absent', ''),
(2385, 42, 2, '2025-04-09', 'Absent', ''),
(2386, 46, 2, '2025-04-09', 'Absent', ''),
(2387, 47, 2, '2025-04-09', 'Present', ''),
(2388, 58, 2, '2025-04-09', 'Present', ''),
(2389, 59, 2, '2025-04-09', 'Present', ''),
(2390, 60, 2, '2025-04-09', 'Present', ''),
(2391, 61, 2, '2025-04-09', 'Present', ''),
(2392, 62, 2, '2025-04-09', 'Present', ''),
(2393, 11, 2, '2025-04-09', 'Absent', ''),
(2394, 31, 2, '2025-04-09', 'Absent', ''),
(2395, 33, 2, '2025-04-09', 'Absent', ''),
(2396, 40, 2, '2025-04-09', 'Absent', ''),
(2397, 42, 2, '2025-04-09', 'Absent', ''),
(2398, 46, 2, '2025-04-09', 'Absent', ''),
(2399, 47, 2, '2025-04-09', 'Present', ''),
(2400, 58, 2, '2025-04-09', 'Present', ''),
(2401, 59, 2, '2025-04-09', 'Present', ''),
(2402, 60, 2, '2025-04-09', 'Present', ''),
(2403, 61, 2, '2025-04-09', 'Present', ''),
(2404, 62, 2, '2025-04-09', 'Present', ''),
(2405, 11, 2, '2025-04-09', 'Absent', ''),
(2406, 31, 2, '2025-04-09', 'Absent', ''),
(2407, 33, 2, '2025-04-09', 'Absent', ''),
(2408, 40, 2, '2025-04-09', 'Absent', ''),
(2409, 42, 2, '2025-04-09', 'Absent', ''),
(2410, 46, 2, '2025-04-09', 'Absent', ''),
(2411, 47, 2, '2025-04-09', 'Present', ''),
(2412, 58, 2, '2025-04-09', 'Present', ''),
(2413, 59, 2, '2025-04-09', 'Present', ''),
(2414, 60, 2, '2025-04-09', 'Present', ''),
(2415, 61, 2, '2025-04-09', 'Present', ''),
(2416, 62, 2, '2025-04-09', 'Present', ''),
(2417, 11, 2, '2025-04-09', 'Absent', ''),
(2418, 31, 2, '2025-04-09', 'Absent', ''),
(2419, 33, 2, '2025-04-09', 'Absent', ''),
(2420, 40, 2, '2025-04-09', 'Absent', ''),
(2421, 42, 2, '2025-04-09', 'Absent', ''),
(2422, 46, 2, '2025-04-09', 'Absent', ''),
(2423, 47, 2, '2025-04-09', 'Present', ''),
(2424, 58, 2, '2025-04-09', 'Present', ''),
(2425, 59, 2, '2025-04-09', 'Present', ''),
(2426, 60, 2, '2025-04-09', 'Present', ''),
(2427, 61, 2, '2025-04-09', 'Present', ''),
(2428, 62, 2, '2025-04-09', 'Present', ''),
(2429, 11, 2, '2025-04-09', 'Absent', ''),
(2430, 31, 2, '2025-04-09', 'Absent', ''),
(2431, 33, 2, '2025-04-09', 'Absent', ''),
(2432, 40, 2, '2025-04-09', 'Absent', '');
INSERT INTO `attendance` (`AttendanceID`, `PupilID`, `ClassID`, `AttendanceDate`, `Status`, `Notes`) VALUES
(2433, 42, 2, '2025-04-09', 'Absent', ''),
(2434, 46, 2, '2025-04-09', 'Absent', ''),
(2435, 47, 2, '2025-04-09', 'Present', ''),
(2436, 58, 2, '2025-04-09', 'Present', ''),
(2437, 59, 2, '2025-04-09', 'Present', ''),
(2438, 60, 2, '2025-04-09', 'Present', ''),
(2439, 61, 2, '2025-04-09', 'Present', ''),
(2440, 62, 2, '2025-04-09', 'Present', ''),
(2441, 11, 2, '2025-04-09', 'Absent', ''),
(2442, 31, 2, '2025-04-09', 'Absent', ''),
(2443, 33, 2, '2025-04-09', 'Absent', ''),
(2444, 40, 2, '2025-04-09', 'Absent', ''),
(2445, 42, 2, '2025-04-09', 'Absent', ''),
(2446, 46, 2, '2025-04-09', 'Absent', ''),
(2447, 47, 2, '2025-04-09', 'Present', ''),
(2448, 58, 2, '2025-04-09', 'Present', ''),
(2449, 59, 2, '2025-04-09', 'Present', ''),
(2450, 60, 2, '2025-04-09', 'Present', ''),
(2451, 61, 2, '2025-04-09', 'Present', ''),
(2452, 62, 2, '2025-04-09', 'Present', ''),
(2453, 11, 2, '2025-04-09', 'Absent', ''),
(2454, 31, 2, '2025-04-09', 'Absent', ''),
(2455, 33, 2, '2025-04-09', 'Absent', ''),
(2456, 40, 2, '2025-04-09', 'Absent', ''),
(2457, 42, 2, '2025-04-09', 'Absent', ''),
(2458, 46, 2, '2025-04-09', 'Absent', ''),
(2459, 47, 2, '2025-04-09', 'Present', ''),
(2460, 58, 2, '2025-04-09', 'Present', ''),
(2461, 59, 2, '2025-04-09', 'Present', ''),
(2462, 60, 2, '2025-04-09', 'Present', ''),
(2463, 61, 2, '2025-04-09', 'Present', ''),
(2464, 62, 2, '2025-04-09', 'Present', ''),
(2465, 11, 2, '2025-04-09', 'Absent', ''),
(2466, 31, 2, '2025-04-09', 'Absent', ''),
(2467, 33, 2, '2025-04-09', 'Absent', ''),
(2468, 40, 2, '2025-04-09', 'Absent', ''),
(2469, 42, 2, '2025-04-09', 'Absent', ''),
(2470, 46, 2, '2025-04-09', 'Absent', ''),
(2471, 47, 2, '2025-04-09', 'Present', ''),
(2472, 58, 2, '2025-04-09', 'Present', ''),
(2473, 59, 2, '2025-04-09', 'Present', ''),
(2474, 60, 2, '2025-04-09', 'Present', ''),
(2475, 61, 2, '2025-04-09', 'Present', ''),
(2476, 62, 2, '2025-04-09', 'Present', ''),
(2477, 7, 1, '2025-04-09', 'Present', ''),
(2478, 23, 1, '2025-04-09', 'Present', ''),
(2479, 25, 1, '2025-04-09', 'Present', ''),
(2480, 28, 1, '2025-04-09', 'Present', ''),
(2481, 30, 1, '2025-04-09', 'Present', ''),
(2482, 35, 1, '2025-04-09', 'Present', ''),
(2483, 37, 1, '2025-04-09', 'Present', ''),
(2484, 43, 1, '2025-04-09', 'Present', ''),
(2485, 44, 1, '2025-04-09', 'Present', ''),
(2486, 45, 1, '2025-04-09', 'Present', ''),
(2487, 7, 1, '2025-04-09', 'Present', ''),
(2488, 23, 1, '2025-04-09', 'Present', ''),
(2489, 25, 1, '2025-04-09', 'Present', ''),
(2490, 28, 1, '2025-04-09', 'Present', ''),
(2491, 30, 1, '2025-04-09', 'Present', ''),
(2492, 35, 1, '2025-04-09', 'Present', ''),
(2493, 37, 1, '2025-04-09', 'Present', ''),
(2494, 43, 1, '2025-04-09', 'Present', ''),
(2495, 44, 1, '2025-04-09', 'Present', ''),
(2496, 45, 1, '2025-04-09', 'Present', ''),
(2497, 7, 1, '2025-04-09', 'Present', ''),
(2498, 23, 1, '2025-04-09', 'Present', ''),
(2499, 25, 1, '2025-04-09', 'Present', ''),
(2500, 28, 1, '2025-04-09', 'Present', ''),
(2501, 30, 1, '2025-04-09', 'Present', ''),
(2502, 35, 1, '2025-04-09', 'Present', ''),
(2503, 37, 1, '2025-04-09', 'Present', ''),
(2504, 43, 1, '2025-04-09', 'Present', ''),
(2505, 44, 1, '2025-04-09', 'Present', ''),
(2506, 45, 1, '2025-04-09', 'Present', ''),
(2507, 7, 1, '2025-04-09', 'Present', ''),
(2508, 23, 1, '2025-04-09', 'Present', ''),
(2509, 25, 1, '2025-04-09', 'Present', ''),
(2510, 28, 1, '2025-04-09', 'Present', ''),
(2511, 30, 1, '2025-04-09', 'Present', ''),
(2512, 35, 1, '2025-04-09', 'Present', ''),
(2513, 37, 1, '2025-04-09', 'Present', ''),
(2514, 43, 1, '2025-04-09', 'Present', ''),
(2515, 44, 1, '2025-04-09', 'Present', ''),
(2516, 45, 1, '2025-04-09', 'Present', ''),
(2517, 7, 1, '2025-04-09', 'Present', ''),
(2518, 23, 1, '2025-04-09', 'Present', ''),
(2519, 25, 1, '2025-04-09', 'Present', ''),
(2520, 28, 1, '2025-04-09', 'Present', ''),
(2521, 30, 1, '2025-04-09', 'Present', ''),
(2522, 35, 1, '2025-04-09', 'Present', ''),
(2523, 37, 1, '2025-04-09', 'Present', ''),
(2524, 43, 1, '2025-04-09', 'Present', ''),
(2525, 44, 1, '2025-04-09', 'Present', ''),
(2526, 45, 1, '2025-04-09', 'Absent', ''),
(2527, 7, 1, '2025-04-09', 'Present', ''),
(2528, 23, 1, '2025-04-09', 'Present', ''),
(2529, 25, 1, '2025-04-09', 'Present', ''),
(2530, 28, 1, '2025-04-09', 'Present', ''),
(2531, 30, 1, '2025-04-09', 'Present', ''),
(2532, 35, 1, '2025-04-09', 'Present', ''),
(2533, 37, 1, '2025-04-09', 'Present', ''),
(2534, 43, 1, '2025-04-09', 'Present', ''),
(2535, 44, 1, '2025-04-09', 'Present', ''),
(2536, 45, 1, '2025-04-09', 'Absent', ''),
(2537, 7, 1, '2025-04-09', 'Present', ''),
(2538, 23, 1, '2025-04-09', 'Present', ''),
(2539, 25, 1, '2025-04-09', 'Present', ''),
(2540, 28, 1, '2025-04-09', 'Present', ''),
(2541, 30, 1, '2025-04-09', 'Present', ''),
(2542, 35, 1, '2025-04-09', 'Present', ''),
(2543, 37, 1, '2025-04-09', 'Present', ''),
(2544, 43, 1, '2025-04-09', 'Present', ''),
(2545, 44, 1, '2025-04-09', 'Present', ''),
(2546, 45, 1, '2025-04-09', 'Absent', ''),
(2547, 7, 1, '2025-04-09', 'Present', ''),
(2548, 23, 1, '2025-04-09', 'Present', ''),
(2549, 25, 1, '2025-04-09', 'Present', ''),
(2550, 28, 1, '2025-04-09', 'Present', ''),
(2551, 30, 1, '2025-04-09', 'Present', ''),
(2552, 35, 1, '2025-04-09', 'Present', ''),
(2553, 37, 1, '2025-04-09', 'Present', ''),
(2554, 43, 1, '2025-04-09', 'Present', ''),
(2555, 44, 1, '2025-04-09', 'Present', ''),
(2556, 45, 1, '2025-04-09', 'Absent', ''),
(2557, 7, 1, '2025-04-09', 'Present', ''),
(2558, 23, 1, '2025-04-09', 'Present', ''),
(2559, 25, 1, '2025-04-09', 'Present', ''),
(2560, 28, 1, '2025-04-09', 'Present', ''),
(2561, 30, 1, '2025-04-09', 'Present', ''),
(2562, 35, 1, '2025-04-09', 'Present', ''),
(2563, 37, 1, '2025-04-09', 'Present', ''),
(2564, 43, 1, '2025-04-09', 'Present', ''),
(2565, 44, 1, '2025-04-09', 'Present', ''),
(2566, 45, 1, '2025-04-09', 'Absent', ''),
(2567, 7, 1, '2025-04-09', 'Present', ''),
(2568, 23, 1, '2025-04-09', 'Present', ''),
(2569, 25, 1, '2025-04-09', 'Present', ''),
(2570, 28, 1, '2025-04-09', 'Present', ''),
(2571, 30, 1, '2025-04-09', 'Present', ''),
(2572, 35, 1, '2025-04-09', 'Present', ''),
(2573, 37, 1, '2025-04-09', 'Present', ''),
(2574, 43, 1, '2025-04-09', 'Present', ''),
(2575, 44, 1, '2025-04-09', 'Present', ''),
(2576, 45, 1, '2025-04-09', 'Absent', ''),
(2577, 7, 1, '2025-04-09', 'Present', ''),
(2578, 23, 1, '2025-04-09', 'Present', ''),
(2579, 25, 1, '2025-04-09', 'Present', ''),
(2580, 28, 1, '2025-04-09', 'Present', ''),
(2581, 30, 1, '2025-04-09', 'Present', ''),
(2582, 35, 1, '2025-04-09', 'Present', ''),
(2583, 37, 1, '2025-04-09', 'Present', ''),
(2584, 43, 1, '2025-04-09', 'Present', ''),
(2585, 44, 1, '2025-04-09', 'Present', ''),
(2586, 45, 1, '2025-04-09', 'Absent', ''),
(2587, 7, 1, '2025-04-09', 'Present', ''),
(2588, 23, 1, '2025-04-09', 'Present', ''),
(2589, 25, 1, '2025-04-09', 'Present', ''),
(2590, 28, 1, '2025-04-09', 'Present', ''),
(2591, 30, 1, '2025-04-09', 'Present', ''),
(2592, 35, 1, '2025-04-09', 'Present', ''),
(2593, 37, 1, '2025-04-09', 'Present', ''),
(2594, 43, 1, '2025-04-09', 'Present', ''),
(2595, 44, 1, '2025-04-09', 'Present', ''),
(2596, 45, 1, '2025-04-09', 'Absent', ''),
(2597, 7, 1, '2025-04-09', 'Present', ''),
(2598, 23, 1, '2025-04-09', 'Present', ''),
(2599, 25, 1, '2025-04-09', 'Present', ''),
(2600, 28, 1, '2025-04-09', 'Present', ''),
(2601, 30, 1, '2025-04-09', 'Present', ''),
(2602, 35, 1, '2025-04-09', 'Present', ''),
(2603, 37, 1, '2025-04-09', 'Present', ''),
(2604, 43, 1, '2025-04-09', 'Present', ''),
(2605, 44, 1, '2025-04-09', 'Present', ''),
(2606, 45, 1, '2025-04-09', 'Absent', ''),
(2607, 7, 1, '2025-04-09', 'Present', ''),
(2608, 23, 1, '2025-04-09', 'Present', ''),
(2609, 25, 1, '2025-04-09', 'Present', ''),
(2610, 28, 1, '2025-04-09', 'Present', ''),
(2611, 30, 1, '2025-04-09', 'Present', ''),
(2612, 35, 1, '2025-04-09', 'Present', ''),
(2613, 37, 1, '2025-04-09', 'Present', ''),
(2614, 43, 1, '2025-04-09', 'Present', ''),
(2615, 44, 1, '2025-04-09', 'Present', ''),
(2616, 45, 1, '2025-04-09', 'Absent', ''),
(2617, 7, 1, '2025-04-09', 'Present', ''),
(2618, 23, 1, '2025-04-09', 'Present', ''),
(2619, 25, 1, '2025-04-09', 'Present', ''),
(2620, 28, 1, '2025-04-09', 'Present', ''),
(2621, 30, 1, '2025-04-09', 'Present', ''),
(2622, 35, 1, '2025-04-09', 'Present', ''),
(2623, 37, 1, '2025-04-09', 'Present', ''),
(2624, 43, 1, '2025-04-09', 'Present', ''),
(2625, 44, 1, '2025-04-09', 'Absent', ''),
(2626, 45, 1, '2025-04-09', 'Present', ''),
(2627, 7, 1, '2025-04-09', 'Present', ''),
(2628, 23, 1, '2025-04-09', 'Present', ''),
(2629, 25, 1, '2025-04-09', 'Present', ''),
(2630, 28, 1, '2025-04-09', 'Present', ''),
(2631, 30, 1, '2025-04-09', 'Present', ''),
(2632, 35, 1, '2025-04-09', 'Present', ''),
(2633, 37, 1, '2025-04-09', 'Present', ''),
(2634, 43, 1, '2025-04-09', 'Present', ''),
(2635, 44, 1, '2025-04-09', 'Absent', ''),
(2636, 45, 1, '2025-04-09', 'Present', ''),
(2637, 7, 1, '2025-04-09', 'Present', ''),
(2638, 23, 1, '2025-04-09', 'Present', ''),
(2639, 25, 1, '2025-04-09', 'Present', ''),
(2640, 28, 1, '2025-04-09', 'Present', ''),
(2641, 30, 1, '2025-04-09', 'Present', ''),
(2642, 35, 1, '2025-04-09', 'Present', ''),
(2643, 37, 1, '2025-04-09', 'Present', ''),
(2644, 43, 1, '2025-04-09', 'Present', ''),
(2645, 44, 1, '2025-04-09', 'Absent', ''),
(2646, 45, 1, '2025-04-09', 'Present', ''),
(2647, 7, 1, '2025-04-09', 'Present', ''),
(2648, 23, 1, '2025-04-09', 'Present', ''),
(2649, 25, 1, '2025-04-09', 'Present', ''),
(2650, 28, 1, '2025-04-09', 'Present', ''),
(2651, 30, 1, '2025-04-09', 'Present', ''),
(2652, 35, 1, '2025-04-09', 'Present', ''),
(2653, 37, 1, '2025-04-09', 'Present', ''),
(2654, 43, 1, '2025-04-09', 'Present', ''),
(2655, 44, 1, '2025-04-09', 'Absent', ''),
(2656, 45, 1, '2025-04-09', 'Present', ''),
(2657, 7, 1, '2025-04-09', 'Present', ''),
(2658, 23, 1, '2025-04-09', 'Present', ''),
(2659, 25, 1, '2025-04-09', 'Present', ''),
(2660, 28, 1, '2025-04-09', 'Present', ''),
(2661, 30, 1, '2025-04-09', 'Present', ''),
(2662, 35, 1, '2025-04-09', 'Present', ''),
(2663, 37, 1, '2025-04-09', 'Present', ''),
(2664, 43, 1, '2025-04-09', 'Present', ''),
(2665, 44, 1, '2025-04-09', 'Absent', ''),
(2666, 45, 1, '2025-04-09', 'Present', ''),
(2667, 7, 1, '2025-04-09', 'Present', ''),
(2668, 23, 1, '2025-04-09', 'Present', ''),
(2669, 25, 1, '2025-04-09', 'Present', ''),
(2670, 28, 1, '2025-04-09', 'Present', ''),
(2671, 30, 1, '2025-04-09', 'Present', ''),
(2672, 35, 1, '2025-04-09', 'Present', ''),
(2673, 37, 1, '2025-04-09', 'Present', ''),
(2674, 43, 1, '2025-04-09', 'Present', ''),
(2675, 44, 1, '2025-04-09', 'Absent', ''),
(2676, 45, 1, '2025-04-09', 'Present', ''),
(2677, 7, 1, '2025-04-09', 'Present', ''),
(2678, 23, 1, '2025-04-09', 'Present', ''),
(2679, 25, 1, '2025-04-09', 'Present', ''),
(2680, 28, 1, '2025-04-09', 'Present', ''),
(2681, 30, 1, '2025-04-09', 'Present', ''),
(2682, 35, 1, '2025-04-09', 'Present', ''),
(2683, 37, 1, '2025-04-09', 'Present', ''),
(2684, 43, 1, '2025-04-09', 'Present', ''),
(2685, 44, 1, '2025-04-09', 'Absent', ''),
(2686, 45, 1, '2025-04-09', 'Present', ''),
(2687, 7, 1, '2025-04-09', 'Present', ''),
(2688, 23, 1, '2025-04-09', 'Present', ''),
(2689, 25, 1, '2025-04-09', 'Present', ''),
(2690, 28, 1, '2025-04-09', 'Present', ''),
(2691, 30, 1, '2025-04-09', 'Present', ''),
(2692, 35, 1, '2025-04-09', 'Present', ''),
(2693, 37, 1, '2025-04-09', 'Present', ''),
(2694, 43, 1, '2025-04-09', 'Absent', ''),
(2695, 44, 1, '2025-04-09', 'Present', ''),
(2696, 45, 1, '2025-04-09', 'Present', ''),
(2697, 7, 1, '2025-04-09', 'Present', ''),
(2698, 23, 1, '2025-04-09', 'Present', ''),
(2699, 25, 1, '2025-04-09', 'Present', ''),
(2700, 28, 1, '2025-04-09', 'Present', ''),
(2701, 30, 1, '2025-04-09', 'Present', ''),
(2702, 35, 1, '2025-04-09', 'Present', ''),
(2703, 37, 1, '2025-04-09', 'Present', ''),
(2704, 43, 1, '2025-04-09', 'Absent', ''),
(2705, 44, 1, '2025-04-09', 'Present', ''),
(2706, 45, 1, '2025-04-09', 'Present', ''),
(2707, 7, 1, '2025-04-09', 'Present', ''),
(2708, 23, 1, '2025-04-09', 'Present', ''),
(2709, 25, 1, '2025-04-09', 'Present', ''),
(2710, 28, 1, '2025-04-09', 'Present', ''),
(2711, 30, 1, '2025-04-09', 'Present', ''),
(2712, 35, 1, '2025-04-09', 'Present', ''),
(2713, 37, 1, '2025-04-09', 'Present', ''),
(2714, 43, 1, '2025-04-09', 'Absent', ''),
(2715, 44, 1, '2025-04-09', 'Present', ''),
(2716, 45, 1, '2025-04-09', 'Present', ''),
(2717, 7, 1, '2025-04-09', 'Present', ''),
(2718, 23, 1, '2025-04-09', 'Present', ''),
(2719, 25, 1, '2025-04-09', 'Present', ''),
(2720, 28, 1, '2025-04-09', 'Present', ''),
(2721, 30, 1, '2025-04-09', 'Present', ''),
(2722, 35, 1, '2025-04-09', 'Present', ''),
(2723, 37, 1, '2025-04-09', 'Present', ''),
(2724, 43, 1, '2025-04-09', 'Absent', ''),
(2725, 44, 1, '2025-04-09', 'Present', ''),
(2726, 45, 1, '2025-04-09', 'Present', ''),
(2727, 7, 1, '2025-04-09', 'Present', ''),
(2728, 23, 1, '2025-04-09', 'Present', ''),
(2729, 25, 1, '2025-04-09', 'Present', ''),
(2730, 28, 1, '2025-04-09', 'Present', ''),
(2731, 30, 1, '2025-04-09', 'Present', ''),
(2732, 35, 1, '2025-04-09', 'Present', ''),
(2733, 37, 1, '2025-04-09', 'Present', ''),
(2734, 43, 1, '2025-04-09', 'Absent', ''),
(2735, 44, 1, '2025-04-09', 'Present', ''),
(2736, 45, 1, '2025-04-09', 'Present', ''),
(2737, 7, 1, '2025-04-09', 'Present', ''),
(2738, 23, 1, '2025-04-09', 'Present', ''),
(2739, 25, 1, '2025-04-09', 'Present', ''),
(2740, 28, 1, '2025-04-09', 'Present', ''),
(2741, 30, 1, '2025-04-09', 'Present', ''),
(2742, 35, 1, '2025-04-09', 'Present', ''),
(2743, 37, 1, '2025-04-09', 'Present', ''),
(2744, 43, 1, '2025-04-09', 'Absent', ''),
(2745, 44, 1, '2025-04-09', 'Present', ''),
(2746, 45, 1, '2025-04-09', 'Present', ''),
(2747, 7, 1, '2025-04-09', 'Present', ''),
(2748, 23, 1, '2025-04-09', 'Present', ''),
(2749, 25, 1, '2025-04-09', 'Present', ''),
(2750, 28, 1, '2025-04-09', 'Present', ''),
(2751, 30, 1, '2025-04-09', 'Present', ''),
(2752, 35, 1, '2025-04-09', 'Present', ''),
(2753, 37, 1, '2025-04-09', 'Present', ''),
(2754, 43, 1, '2025-04-09', 'Absent', ''),
(2755, 44, 1, '2025-04-09', 'Present', ''),
(2756, 45, 1, '2025-04-09', 'Present', ''),
(2757, 7, 1, '2025-04-09', 'Present', ''),
(2758, 23, 1, '2025-04-09', 'Present', ''),
(2759, 25, 1, '2025-04-09', 'Present', ''),
(2760, 28, 1, '2025-04-09', 'Present', ''),
(2761, 30, 1, '2025-04-09', 'Present', ''),
(2762, 35, 1, '2025-04-09', 'Present', ''),
(2763, 37, 1, '2025-04-09', 'Present', ''),
(2764, 43, 1, '2025-04-09', 'Absent', ''),
(2765, 44, 1, '2025-04-09', 'Present', ''),
(2766, 45, 1, '2025-04-09', 'Present', ''),
(2767, 7, 1, '2025-04-09', 'Present', ''),
(2768, 23, 1, '2025-04-09', 'Present', ''),
(2769, 25, 1, '2025-04-09', 'Present', ''),
(2770, 28, 1, '2025-04-09', 'Present', ''),
(2771, 30, 1, '2025-04-09', 'Present', ''),
(2772, 35, 1, '2025-04-09', 'Present', ''),
(2773, 37, 1, '2025-04-09', 'Present', ''),
(2774, 43, 1, '2025-04-09', 'Absent', ''),
(2775, 44, 1, '2025-04-09', 'Present', ''),
(2776, 45, 1, '2025-04-09', 'Present', '');

-- --------------------------------------------------------

--
-- Table structure for table `books`
--

CREATE TABLE `books` (
  `BookID` int(11) NOT NULL,
  `BookCategory` varchar(50) DEFAULT NULL,
  `BookTitle` varchar(100) DEFAULT NULL,
  `LoanedOut` enum('Y','N') DEFAULT NULL,
  `BookedBy` int(11) DEFAULT NULL,
  `Notes` text DEFAULT NULL
) ENGINE=InnoDB DEFAULT CHARSET=utf8mb4 COLLATE=utf8mb4_general_ci;

--
-- Dumping data for table `books`
--

INSERT INTO `books` (`BookID`, `BookCategory`, `BookTitle`, `LoanedOut`, `BookedBy`, `Notes`) VALUES
(2, 'Fiction', 'Charlotte\'s Web', 'Y', 18, ''),
(3, 'Fiction', 'Harry Potter and the Sorcerer\'s Stone', 'Y', 9, ''),
(4, 'Science', 'A Brief History of Time', 'N', NULL, ''),
(5, 'Math', 'Mathematics for Year 6', 'N', NULL, ''),
(6, 'Science', 'The Human Body Explained', 'N', NULL, ''),
(7, 'Fiction', 'The Lion, The Witch and the Wardrobe', 'N', NULL, ''),
(8, 'History', 'World War II Illustrated', 'N', NULL, ''),
(9, 'Art', 'Drawing for Beginners', 'N', NULL, ''),
(10, 'Computing', 'Learn HTML & CSS', 'N', NULL, ''),
(11, 'Geography', 'Exploring the Continents', 'N', NULL, ''),
(12, 'Fiction', 'The Hobbit', 'Y', 45, ''),
(13, 'Fiction', 'The Wind in the Willows', 'Y', 34, ''),
(14, 'Science', 'Electricity and Circuits', 'N', NULL, ''),
(15, 'Math', 'Multiplication Mastery', 'N', NULL, ''),
(16, 'Science', 'Living Things and Habitats', 'N', NULL, ''),
(17, 'History', 'The Victorians', 'N', NULL, ''),
(18, 'Fiction', 'The Secret Garden', 'N', NULL, ''),
(19, 'Computing', 'Python for Kids', 'Y', 55, ''),
(20, 'Art', 'Color Theory Made Easy', 'N', NULL, ''),
(21, 'Geography', 'Rivers and Mountains', 'N', NULL, '');

-- --------------------------------------------------------

--
-- Table structure for table `classes`
--

CREATE TABLE `classes` (
  `ClassID` int(11) NOT NULL,
  `ClassType` varchar(50) NOT NULL,
  `ClassName` varchar(50) NOT NULL,
  `ClassCapacity` int(11) NOT NULL,
  `ClassNotes` text DEFAULT NULL
) ENGINE=InnoDB DEFAULT CHARSET=utf8mb4 COLLATE=utf8mb4_general_ci;

--
-- Dumping data for table `classes`
--

INSERT INTO `classes` (`ClassID`, `ClassType`, `ClassName`, `ClassCapacity`, `ClassNotes`) VALUES
(1, 'Reception Year', 'Reception', 15, ''),
(2, 'Year One', 'Year 1', 15, ''),
(3, 'Year Two', 'Year 2', 15, ''),
(4, 'Year 3', 'Year 3', 15, ''),
(5, 'Year 4', 'Year 4', 15, ''),
(6, 'Year 5', 'Year 5', 15, ''),
(8, 'Year 6', 'Year 6', 15, '');

-- --------------------------------------------------------

--
-- Table structure for table `guardian`
--

CREATE TABLE `guardian` (
  `GuardianID` int(11) NOT NULL,
  `GuardianType` varchar(50) DEFAULT NULL,
  `Title` varchar(10) DEFAULT NULL,
  `FirstName` varchar(50) NOT NULL,
  `Surname` varchar(50) NOT NULL,
  `Address_Line1` varchar(100) DEFAULT NULL,
  `Address_Line2` varchar(100) DEFAULT NULL,
  `Address_Line3` varchar(100) DEFAULT NULL,
  `Postcode` varchar(10) DEFAULT NULL,
  `ContactNumber` varchar(15) DEFAULT NULL,
  `EmailAddress` varchar(100) DEFAULT NULL,
  `Notes` text DEFAULT NULL
) ENGINE=InnoDB DEFAULT CHARSET=utf8mb4 COLLATE=utf8mb4_general_ci;

--
-- Dumping data for table `guardian`
--

INSERT INTO `guardian` (`GuardianID`, `GuardianType`, `Title`, `FirstName`, `Surname`, `Address_Line1`, `Address_Line2`, `Address_Line3`, `Postcode`, `ContactNumber`, `EmailAddress`, `Notes`) VALUES
(1, 'Step-Father', 'Mr', 'Marcel', 'Ahmed', '212 Westpoint, 501 Chester Road', '', '', 'M16 9HU', '07846618993', 'l39596974@student.ua92.ac.uk', ''),
(2, 'Mother', 'Mrs', 'Michelle', 'Adams', 'salvor tower mastmaker rd', '', '', 'E14 9XY', '+96676454252', 'hassan20052406@gmail.com', ''),
(3, 'Father', 'Mr', 'Mark', 'Tatum', '501 Stretford', '', '', 'M16 AQL', '07888274237', 'JT@gmail.com', ''),
(4, 'Father', 'Mr', 'Bukayo', 'Saka', '550 Stretford', 'Old Trafford', '', 'M16 9QA', '0556474340', 'saka@gmail.com', ''),
(5, 'Grandfather', 'Dr', 'Thomas', 'Martinez', '97 Ash Way', '', 'Bury', 'M1 5TT', '07592460233', 'thomas.martinez1@mail.com', ''),
(6, 'Legal Guardian', 'Dr', 'Dorothy', 'Lee', '31 Pine Lane', '', 'Bolton', 'OL1 1QQ', '07845527643', 'dorothy.lee2@mail.com', ''),
(7, 'Stepfather', 'Mrs', 'Robert', 'Johnson', '116 Maple Avenue', '', 'Oldham', 'M3 3GG', '07142033535', 'robert.johnson3@demo.net', ''),
(8, 'Mother', 'Mrs', 'Richard', 'Martin', '78 Willow Close', '', 'Salford', 'M1 5TT', '07187482935', 'richard.martin4@example.com', ''),
(9, 'Father', 'Mrs', 'Charles', 'Lee', '122 Beech Crescent', '', 'Bolton', 'M1 5TT', '07991615787', 'charles.lee5@demo.net', ''),
(10, 'Stepmother', 'Dr', 'Karen', 'Walker', '10 Beech Crescent', '', 'Oldham', 'M2 4WU', '07257849256', 'karen.walker6@demo.net', ''),
(11, 'Legal Guardian', 'Dr', 'Anthony', 'Martin', '71 Birch Drive', '', 'Oldham', 'M2 4WU', '07873543633', 'anthony.martin7@demo.net', ''),
(12, 'Grandmother', 'Dr', 'Mark', 'Lewis', '27 Sycamore Rise', '', 'Salford', 'OL1 1QQ', '07816795210', 'mark.lewis8@mail.com', ''),
(13, 'Grandmother', 'Mr', 'Joseph', 'Harris', '70 Sycamore Rise', '', 'Bury', 'M5 3DH', '07696244189', 'joseph.harris9@mail.com', ''),
(14, 'Grandfather', 'Dr', 'Elizabeth', 'Martinez', '114 Beech Crescent', '', 'Bolton', 'M3 3GG', '07412927263', 'elizabeth.martinez10@test.org', ''),
(15, 'Stepfather', 'Mrs', 'Joseph', 'Thompson', '103 Willow Close', '', 'Manchester', 'M1 5TT', '07496623050', 'joseph.thompson11@mail.com', ''),
(16, 'Legal Guardian', 'Mr', 'Sarah', 'Clark', '67 Cedar Road', '', 'Oldham', 'M1 5TT', '07174205229', 'sarah.clark12@test.org', ''),
(17, 'Other', 'Mr', 'Matthew', 'Martin', '119 Oak Street', '', 'Oldham', 'M2 4WU', '07750040830', 'matthew.martin13@demo.net', ''),
(18, 'Grandmother', 'Dr', 'Susan', 'Thomas', '76 Elm Street', '', 'Bolton', 'M3 3GG', '07427726275', 'susan.thomas14@mail.com', ''),
(19, 'Father', 'Dr', 'Nancy', 'Clark', '83 Maple Avenue', '', 'Rochdale', 'M2 4WU', '07457952750', 'nancy.clark15@example.com', ''),
(20, 'Legal Guardian', 'Ms', 'Betty', 'Anderson', '139 Elm Street', '', 'Rochdale', 'OL1 1QQ', '07306335322', 'betty.anderson16@mail.com', ''),
(21, 'Father', 'Mr', 'Patricia', 'Walker', '12 Beech Crescent', '', 'Manchester', 'OL1 1QQ', '07392469415', 'patricia.walker17@mail.com', ''),
(22, 'Stepmother', 'Mrs', 'Susan', 'Martinez', '35 Elm Street', '', 'Salford', 'OL1 1QQ', '07579666049', 'susan.martinez18@test.org', ''),
(23, 'Stepmother', 'Mrs', 'James', 'Jackson', '127 Oak Street', '', 'Manchester', 'M1 5TT', '07522029672', 'james.jackson19@mail.com', ''),
(24, 'Stepmother', 'Ms', 'Anthony', 'Smith', '146 Maple Avenue', '', 'Bolton', 'M5 3DH', '07177902675', 'anthony.smith20@demo.net', ''),
(25, 'Mother', 'Dr', 'Mark', 'Lee', '16 Oak Street', '', 'Manchester', 'BL1 2AB', '07600108981', 'mark.lee21@test.org', ''),
(26, 'Father', 'Mr', 'Patricia', 'White', '141 Maple Avenue', '', 'Oldham', 'M2 4WU', '07601952589', 'patricia.white22@example.com', ''),
(27, 'Legal Guardian', 'Mrs', 'Betty', 'Thomas', '73 Pine Lane', '', 'Rochdale', 'M1 5TT', '07183079021', 'betty.thomas23@demo.net', ''),
(28, 'Mother', 'Dr', 'Susan', 'White', '41 Ash Way', '', 'Oldham', 'OL6 7TP', '07699754043', 'susan.white24@test.org', ''),
(29, 'Father', 'Dr', 'William', 'Taylor', '125 Maple Avenue', '', 'Bury', 'OL1 1QQ', '07297079874', 'william.taylor25@mail.com', ''),
(30, 'Father', 'Mrs', 'Mary', 'Harris', '30 Ash Way', '', 'Bury', 'M5 3DH', '07622527578', 'mary.harris26@example.com', ''),
(31, 'Stepmother', 'Mr', 'Matthew', 'Walker', '149 Birch Drive', '', 'Manchester', 'M1 5TT', '07623288461', 'matthew.walker27@mail.com', ''),
(32, 'Legal Guardian', 'Mr', 'Richard', 'Thompson', '115 Elm Street', '', 'Manchester', 'M2 4WU', '07655307011', 'richard.thompson28@demo.net', ''),
(33, 'Stepfather', 'Ms', 'Barbara', 'Brown', '97 Maple Avenue', '', 'Manchester', 'OL1 1QQ', '07198537820', 'barbara.brown29@demo.net', ''),
(34, 'Grandmother', 'Mrs', 'Charles', 'Martinez', '83 Elm Street', '', 'Salford', 'M5 3DH', '07692203300', 'charles.martinez30@demo.net', ''),
(35, 'Father', 'Ms', 'Sarah', 'Thompson', '61 Elm Street', '', 'Oldham', 'M1 5TT', '07255261945', 'sarah.thompson31@mail.com', ''),
(36, 'Stepmother', 'Mrs', 'Robert', 'Garcia', '19 Pine Lane', '', 'Oldham', 'M3 3GG', '07201612524', 'robert.garcia32@mail.com', ''),
(37, 'Legal Guardian', 'Mrs', 'William', 'Hall', '133 Sycamore Rise', '', 'Oldham', 'M2 4WU', '07614086014', 'william.hall33@example.com', ''),
(38, 'Grandmother', 'Ms', 'Daniel', 'Garcia', '10 Pine Lane', '', 'Rochdale', 'OL6 7TP', '07952562529', 'daniel.garcia34@demo.net', ''),
(39, 'Father', 'Ms', 'Linda', 'Anderson', '99 Ash Way', '', 'Manchester', 'OL6 7TP', '07101784087', 'linda.anderson35@example.com', ''),
(40, 'Grandfather', 'Mrs', 'Michael', 'Lewis', '83 Maple Avenue', '', 'Manchester', 'M1 5TT', '07713900894', 'michael.lewis36@mail.com', ''),
(41, 'Other', 'Dr', 'Elizabeth', 'Johnson', '134 Maple Avenue', '', 'Salford', 'M3 3GG', '07658025510', 'elizabeth.johnson37@mail.com', ''),
(42, 'Grandfather', 'Mr', 'Linda', 'Johnson', '42 Pine Lane', '', 'Bolton', 'M5 3DH', '07792646095', 'linda.johnson38@example.com', ''),
(43, 'Other', 'Mr', 'Susan', 'Thompson', '130 Ash Way', '', 'Salford', 'OL1 1QQ', '07229365073', 'susan.thompson39@example.com', ''),
(44, 'Legal Guardian', 'Dr', 'Mary', 'Jackson', '130 Sycamore Rise', '', 'Oldham', 'BL1 2AB', '07612065786', 'mary.jackson40@mail.com', ''),
(45, 'Stepmother', 'Ms', 'Susan', 'Harris', '124 Ash Way', '', 'Oldham', 'M3 3GG', '07723181154', 'susan.harris41@demo.net', ''),
(46, 'Other', 'Ms', 'Richard', 'Robinson', '20 Willow Close', '', 'Manchester', 'BL1 2AB', '07932220729', 'richard.robinson42@test.org', ''),
(47, 'Other', 'Mr', 'Anthony', 'Garcia', '96 Beech Crescent', '', 'Manchester', 'M1 5TT', '07877168458', 'anthony.garcia43@demo.net', ''),
(48, 'Legal Guardian', 'Ms', 'Patricia', 'Clark', '21 Cedar Road', '', 'Oldham', 'M1 5TT', '07523576050', 'patricia.clark44@mail.com', ''),
(49, 'Grandfather', 'Mr', 'Daniel', 'Lewis', '103 Willow Close', '', 'Bolton', 'OL6 7TP', '07405649878', 'daniel.lewis45@example.com', ''),
(50, 'Father', 'Mrs', 'Patricia', 'White', '26 Elm Street', '', 'Oldham', 'OL6 7TP', '07765275558', 'patricia.white46@test.org', ''),
(51, 'Grandmother', 'Ms', 'James', 'Johnson', '97 Beech Crescent', '', 'Salford', 'M2 4WU', '07770160085', 'james.johnson47@example.com', ''),
(52, 'Father', 'Mr', 'Mary', 'Johnson', '62 Oak Street', '', 'Rochdale', 'M2 4WU', '07546382137', 'mary.johnson48@mail.com', ''),
(53, 'Other', 'Ms', 'Mary', 'Rodriguez', '20 Willow Close', '', 'Manchester', 'OL6 7TP', '07325977646', 'mary.rodriguez49@demo.net', ''),
(54, 'Legal Guardian', 'Mrs', 'Michael', 'Walker', '18 Elm Street', '', 'Salford', 'M3 3GG', '07713307120', 'michael.walker50@demo.net', ''),
(55, 'Legal Guardian', 'Mr', 'Patricia', 'Rodriguez', '54 Sycamore Rise', '', 'Bolton', 'M5 3DH', '07978579138', 'patricia.rodriguez51@mail.com', ''),
(56, 'Grandfather', 'Dr', 'Lisa', 'Thompson', '76 Birch Drive', '', 'Rochdale', 'M3 3GG', '07808925750', 'lisa.thompson52@test.org', ''),
(57, 'Other', 'Ms', 'Patricia', 'Jackson', '136 Beech Crescent', '', 'Oldham', 'M3 3GG', '07426304988', 'patricia.jackson53@test.org', ''),
(58, 'Legal Guardian', 'Ms', 'Sarah', 'Thompson', '33 Ash Way', '', 'Manchester', 'M3 3GG', '07601038053', 'sarah.thompson54@example.com', ''),
(59, 'Grandmother', 'Ms', 'Robert', 'Harris', '90 Beech Crescent', '', 'Salford', 'BL1 2AB', '07144816546', 'robert.harris55@example.com', ''),
(60, 'Grandfather', 'Dr', 'William', 'Martinez', '49 Pine Lane', '', 'Oldham', 'M3 3GG', '07400562372', 'william.martinez56@example.com', ''),
(61, 'Grandmother', 'Dr', 'Jennifer', 'Martin', '34 Birch Drive', '', 'Bury', 'M3 3GG', '07458057447', 'jennifer.martin57@demo.net', ''),
(62, 'Other', 'Dr', 'Joseph', 'Martin', '137 Ash Way', '', 'Bury', 'M1 5TT', '07400087965', 'joseph.martin58@test.org', ''),
(63, 'Stepfather', 'Mr', 'William', 'Johnson', '93 Pine Lane', '', 'Oldham', 'M5 3DH', '07155440941', 'william.johnson59@test.org', ''),
(64, 'Other', 'Dr', 'Nancy', 'Clark', '35 Oak Street', '', 'Rochdale', 'M5 3DH', '07999276193', 'nancy.clark60@example.com', ''),
(65, 'Stepfather', 'Ms', 'Margaret', 'Robinson', '134 Oak Street', '', 'Bury', 'M2 4WU', '07533088990', 'margaret.robinson61@example.com', ''),
(66, 'Mother', 'Dr', 'Jessica', 'Smith', '101 Elm Street', '', 'Salford', 'BL1 2AB', '07750402929', 'jessica.smith62@example.com', ''),
(67, 'Stepfather', 'Mrs', 'Michael', 'Martinez', '100 Birch Drive', '', 'Rochdale', 'OL6 7TP', '07488125669', 'michael.martinez63@mail.com', ''),
(68, 'Grandfather', 'Mrs', 'Mark', 'Rodriguez', '61 Pine Lane', '', 'Bury', 'OL6 7TP', '07995967801', 'mark.rodriguez64@example.com', ''),
(69, 'Stepmother', 'Ms', 'Betty', 'Martin', '144 Maple Avenue', '', 'Bury', 'M3 3GG', '07443350481', 'betty.martin65@demo.net', ''),
(70, 'Grandfather', 'Ms', 'David', 'Martin', '35 Willow Close', '', 'Bury', 'BL1 2AB', '07935220766', 'david.martin66@example.com', ''),
(71, 'Other', 'Ms', 'Robert', 'Martinez', '88 Elm Street', '', 'Rochdale', 'BL1 2AB', '07876828250', 'robert.martinez67@test.org', ''),
(72, 'Grandmother', 'Mrs', 'Susan', 'Harris', '139 Pine Lane', '', 'Manchester', 'M3 3GG', '07388347016', 'susan.harris68@demo.net', ''),
(73, 'Grandfather', 'Mr', 'Mary', 'Anderson', '28 Maple Avenue', '', 'Salford', 'OL6 7TP', '07592128634', 'mary.anderson69@mail.com', ''),
(74, 'Other', 'Dr', 'Barbara', 'Harris', '117 Beech Crescent', '', 'Bolton', 'OL1 1QQ', '07737320843', 'barbara.harris70@mail.com', ''),
(75, 'Grandfather', 'Mrs', 'Betty', 'Hall', '72 Sycamore Rise', '', 'Salford', 'OL1 1QQ', '07522712517', 'betty.hall71@mail.com', ''),
(76, 'Other', 'Mrs', 'Linda', 'Martin', '105 Sycamore Rise', '', 'Salford', 'M2 4WU', '07490564521', 'linda.martin72@mail.com', '');

-- --------------------------------------------------------

--
-- Table structure for table `pupils`
--

CREATE TABLE `pupils` (
  `PupilID` int(11) NOT NULL,
  `Title` varchar(10) DEFAULT NULL,
  `FirstName` varchar(50) NOT NULL,
  `Surname` varchar(50) NOT NULL,
  `DOB` date DEFAULT NULL,
  `Address_Line1` varchar(100) DEFAULT NULL,
  `Address_Line2` varchar(100) DEFAULT NULL,
  `Address_Line3` varchar(100) DEFAULT NULL,
  `Postcode` varchar(10) DEFAULT NULL,
  `Medical_Allergy` text DEFAULT NULL,
  `Medical_Vaccination` text DEFAULT NULL,
  `ClassID` int(11) DEFAULT NULL,
  `Guardian1ID` int(11) DEFAULT NULL,
  `Guardian2ID` int(11) DEFAULT NULL,
  `Notes` text DEFAULT NULL
) ENGINE=InnoDB DEFAULT CHARSET=utf8mb4 COLLATE=utf8mb4_general_ci;

--
-- Dumping data for table `pupils`
--

INSERT INTO `pupils` (`PupilID`, `Title`, `FirstName`, `Surname`, `DOB`, `Address_Line1`, `Address_Line2`, `Address_Line3`, `Postcode`, `Medical_Allergy`, `Medical_Vaccination`, `ClassID`, `Guardian1ID`, `Guardian2ID`, `Notes`) VALUES
(7, 'Mr.', 'Hassen', 'Omer', '2005-06-24', 'Addr1', 'Addr2', 'Addr3', 'M16 0PA', 'Unknowen', 'All taken', 1, 0, 0, 'No notes'),
(9, 'Mr.', 'Zahra', 'Omer', '2005-06-30', 'Addr1', 'Addr2', 'Addr3', 'M16 0PA', 'Unknowen', 'All taken', 3, 0, 0, 'No notes'),
(11, 'mr', 'Mimi', 'fernandez', '2018-04-22', '289 Thornaby Gardens', 'London', '', 'N25 2pd', 'Nuts Allergy', 'Yes', 2, 1, NULL, ''),
(12, 'Mr', 'Jayson', 'Tatum', '2014-04-08', '501 Stretford', '', '', 'M16 AQL', 'No Allergies', 'All Taken', 8, 3, NULL, ''),
(13, 'Mr', 'Ahmed', 'Saka', '2014-06-10', '550 Stretford', 'Old Trafford', '', 'M16 9QA', 'Pollen', 'None Taken', 8, 4, NULL, ''),
(14, 'Ms', 'Rachel', 'Martinez', '2014-07-17', '97 Ash Way', '', 'Bury', 'M1 5TT', '', '', 8, 5, NULL, ''),
(15, 'Mr', 'Jrue', 'Holiday', '2014-05-11', '31 Pine Lane', '', 'Bolton', 'OL1 1QQ', 'Legumes', 'All Taken', 8, 6, NULL, ''),
(16, 'Mr', 'Joe ', 'Johnson', '2014-06-16', '116 Maple Avenue', '', 'Oldham', 'M3 3GG', '', '', 8, 7, NULL, ''),
(17, 'Ms', 'Cora', 'Martin', '2014-06-24', '78 Willow Close', '', 'Salford', 'M1 5TT', 'Dust Mites', 'None Taken', 8, 8, NULL, ''),
(18, 'Mr', 'Yuki', 'Lee', '2014-11-03', '122 Beech Crescent', '', 'Bolton', 'M1 5TT', 'Nuts Allergy', 'All Taken', 8, 9, NULL, ''),
(19, 'Ms ', 'Rebecca', 'Walker', '2014-11-12', '10 Beech Crescent', '', 'Oldham', 'M2 4WU', 'Nuts Allergy', 'None Taken', 8, 10, NULL, ''),
(20, 'Ms', 'Melissa', 'Martin', '2014-08-12', '71 Birch Drive', '', 'Oldham', 'M2 4WU', 'Legumes', 'None Taken', 8, 11, NULL, ''),
(21, 'Mr', 'Smith', 'Lewis', '2014-09-17', '27 Sycamore Rise', '', 'Salford', 'OL1 1QQ', 'Pollen', 'None Taken', 8, 12, NULL, ''),
(22, 'Ms', 'Samantha', 'Harris', '2014-10-14', '70 Sycamore Rise', '', 'Bury', 'M5 3DH', '', '', 8, 13, NULL, ''),
(23, 'Miss', 'Isabella', 'Martinez', '2018-03-15', NULL, NULL, NULL, NULL, NULL, NULL, 1, 14, 22, NULL),
(24, 'Master', 'Ethan', 'Martinez', '2016-11-02', NULL, NULL, NULL, NULL, 'Peanuts', 'MMR', 3, 34, 60, 'Nut allergy alert'),
(25, 'Miss', 'Iris', 'Martinez', '2018-03-15', '', '', '', '', '', '', 1, 14, 22, ''),
(26, 'Master', 'Marcus', 'Martinez', '2016-11-02', '', '', '', '', 'Peanuts', 'MMR', 3, 34, 60, 'Nut allergy alert'),
(27, 'Mr', 'Liam', 'Thompson', '2015-09-12', '103 Willow Close', 'Manchester', NULL, 'M1 5TT', NULL, 'Polio', 4, 15, 32, 'Gifted student'),
(28, 'Miss', 'Marisa', 'Thompson', '2019-07-22', '61 Elm Street', 'Oldham', '', 'M1 5TT', '', '', 1, 35, 56, ''),
(29, 'Mr', 'Liam', 'Thompson', '2015-09-12', '103 Willow Close', 'Manchester', NULL, 'M1 5TT', NULL, 'Polio', 4, 15, 32, 'Gifted student'),
(30, 'Miss', 'Emma', 'Thompson', '2019-07-22', '61 Elm Street', 'Oldham', NULL, 'M1 5TT', NULL, NULL, 1, 35, 56, NULL),
(31, 'Master', 'Oliver', 'Clark', '2017-02-14', '67 Cedar Road', 'Oldham', NULL, 'M1 5TT', 'Eggs', NULL, 2, 16, 19, 'Food allergy'),
(32, 'Miss', 'Sarah', 'Clark', '2014-08-30', '21 Cedar Road', 'Oldham', '', 'M1 5TT', '', 'Varicella', 5, 48, 64, 'Year 5 transfer'),
(33, 'Master', 'Oliver', 'Clark', '2017-02-14', '67 Cedar Road', 'Oldham', NULL, 'M1 5TT', 'Eggs', NULL, 2, 16, 19, 'Food allergy'),
(34, 'Miss', 'Sophia', 'Clark', '2014-08-30', '21 Cedar Road', 'Oldham', NULL, 'M1 5TT', NULL, 'Varicella', 5, 48, 64, 'Year 5 transfer'),
(35, 'Miss', 'Amelia', 'White', '2018-01-05', '26 Elm Street', 'Oldham', NULL, 'OL6 7TP', NULL, NULL, 1, 26, 28, 'Youngest sibling'),
(36, 'Mr', 'James', 'White', '2013-12-12', '41 Ash Way', 'Oldham', NULL, 'OL6 7TP', NULL, 'Hep B', 6, 28, 50, 'Left-handed'),
(37, 'Miss', 'Melissa', 'White', '2018-01-05', '26 Elm Street', 'Oldham', '', 'OL6 7TP', '', '', 1, 26, 28, 'Youngest sibling'),
(38, 'Mr', 'James', 'White', '2013-12-12', '41 Ash Way', 'Oldham', NULL, 'OL6 7TP', NULL, 'Hep B', 6, 28, 50, 'Left-handed'),
(39, 'Master', 'Naeveh', 'Johnson', '2016-06-18', '16 Oak Street', 'Manchester', '', 'BL1 2AB', '', 'DTap', 3, 25, 42, 'Football team'),
(40, 'Miss', 'Charlotte', 'Johnson', '2017-09-09', '62 Oak Street', 'Rochdale', NULL, 'M2 4WU', 'Latex', NULL, 2, 51, 52, NULL),
(41, 'Master', 'Noah', 'Johnson', '2016-06-18', '16 Oak Street', 'Manchester', NULL, 'BL1 2AB', NULL, 'DTap', 3, 25, 42, 'Football team'),
(42, 'Miss', 'Charlotte', 'Johnson', '2017-09-09', '62 Oak Street', 'Rochdale', NULL, 'M2 4WU', 'Latex', NULL, 2, 51, 52, NULL),
(43, 'Miss', 'Grace', 'Thompson', '2019-01-12', NULL, NULL, NULL, NULL, NULL, 'MMR', 1, 56, 58, 'Youngest of 3 siblings'),
(44, 'Master', 'Oliver', 'Harris', '2018-11-30', '30 Ash Way', 'Bury', NULL, 'M5 3DH', 'Dairy', NULL, 1, 30, 72, 'Lactose intolerant'),
(45, 'Miss', 'Lily', 'Johnson', '2019-03-05', '42 Pine Lane', 'Bolton', NULL, 'M5 3DH', NULL, 'Hib', 1, 42, 51, NULL),
(46, 'Mr', 'Jacob', 'Martinez', '2017-08-19', '35 Elm Street', 'Salford', NULL, 'OL1 1QQ', NULL, 'Polio', 2, 22, 34, 'Football enthusiast'),
(47, 'Miss', 'Sophie', 'Garcia', '2017-05-22', '19 Pine Lane', 'Oldham', NULL, 'M3 3GG', 'Bee Stings', 'Varicella', 2, 36, 38, 'Epipen required'),
(48, 'Master', 'Logan', 'Clark', '2016-04-15', '83 Maple Avenue', 'Rochdale', NULL, 'M2 4WU', NULL, 'DTap', 3, 19, 64, 'Transfer from Wales'),
(49, 'Miss', 'Emily', 'Robinson', '2016-09-01', '20 Willow Close', 'Manchester', NULL, 'BL1 2AB', 'Nuts', NULL, 3, 46, 53, 'Nut-free snacks only'),
(50, 'Mr', 'Dylan', 'Lewis', '2016-12-25', '103 Willow Close', 'Bolton', NULL, 'OL6 7TP', NULL, 'Hep A', 3, 49, 45, 'Christmas baby'),
(51, 'Miss', 'Chloe', 'Brown', '2016-02-28', '97 Maple Avenue', 'Manchester', NULL, 'OL1 1QQ', NULL, 'PCV', 3, 33, 29, 'Gifted artist'),
(52, 'Master', 'Ethan', 'Taylor', '2015-07-04', '125 Maple Avenue', 'Bury', NULL, 'OL1 1QQ', 'None', 'MenB', 4, 29, NULL, 'Only child'),
(53, 'Miss', 'Mia', 'Anderson', '2015-09-19', '139 Elm Street', 'Rochdale', NULL, 'OL1 1QQ', NULL, 'HPV', 4, 20, 39, 'Dyslexic'),
(54, 'Mr', 'James', 'Rodriguez', '2015-03-11', '54 Sycamore Rise', 'Bolton', NULL, 'M5 3DH', 'Asthma', 'Flu', 4, 51, 64, 'Needs inhaler'),
(55, 'Miss', 'Ella', 'Walker', '2014-06-30', '149 Birch Drive', 'Manchester', NULL, 'M1 5TT', NULL, 'Tdap', 5, 31, 50, 'Class representative'),
(56, 'Master', 'Ryan', 'Hall', '2014-12-24', '133 Sycamore Rise', 'Oldham', NULL, 'M2 4WU', NULL, 'MMRV', 5, 37, 71, 'Birthday on Christmas Eve'),
(57, 'Miss', 'Zoe', 'Smith', '2013-08-17', '146 Maple Avenue', 'Bolton', NULL, 'M5 3DH', 'None', 'HPV', 6, 24, 62, 'Head girl candidate'),
(58, 'Miss', 'Freya', 'Thompson', '2017-04-12', '61 Elm Street', 'Oldham', NULL, 'M1 5TT', NULL, 'MMR', 2, 35, 56, 'Youngest sibling'),
(59, 'Master', 'Archie', 'Clark', '2017-09-01', '83 Maple Avenue', 'Rochdale', NULL, 'M2 4WU', 'Eggs', NULL, 2, 19, 64, 'Food allergy'),
(60, 'Miss', 'Imogen', 'Garcia', '2017-11-30', '19 Pine Lane', 'Oldham', NULL, 'M3 3GG', NULL, 'Varicella', 2, 36, 38, 'New transfer'),
(61, 'Mr', 'Theo', 'Martinez', '2017-06-18', '114 Beech Crescent', 'Bolton', NULL, 'M3 3GG', NULL, 'DTap', 2, 14, 22, 'Football team'),
(62, 'Miss', 'Poppy', 'Johnson', '2017-02-28', '62 Oak Street', 'Rochdale', NULL, 'M2 4WU', NULL, 'PCV', 2, 52, 59, 'Art club'),
(63, 'Master', 'Finn', 'White', '2016-05-15', '41 Ash Way', 'Oldham', NULL, 'OL6 7TP', NULL, 'Hep B', 3, 28, 50, 'Swimming team'),
(64, 'Miss', 'Ruby', 'Harris', '2016-08-22', '124 Ash Way', 'Oldham', NULL, 'M3 3GG', NULL, 'HPV', 3, 45, 72, 'Chess club'),
(65, 'Mr', 'Oscar', 'Lewis', '2016-03-09', '103 Willow Close', 'Bolton', NULL, 'OL6 7TP', NULL, 'MenB', 3, 49, 45, 'STEM enthusiast'),
(66, 'Miss', 'Evie', 'Martin', '2016-12-05', '34 Birch Drive', 'Bury', NULL, 'M3 3GG', NULL, 'Flu', 3, 61, 70, 'Winter baby'),
(67, 'Master', 'Alfie', 'Walker', '2016-07-19', '149 Birch Drive', 'Manchester', NULL, 'M1 5TT', NULL, 'Tdap', 3, 31, 50, 'Class helper'),
(68, 'Miss', 'Isla', 'Taylor', '2015-02-14', '125 Maple Avenue', 'Bury', NULL, 'OL1 1QQ', NULL, 'MMRV', 4, 29, NULL, 'Music prodigy'),
(69, 'Master', 'Leo', 'Anderson', '2015-09-03', '139 Elm Street', 'Rochdale', NULL, 'OL1 1QQ', NULL, 'HPV', 4, 20, 39, 'Book lover'),
(70, 'Mr', 'Charlie', 'Robinson', '2015-11-11', '134 Oak Street', 'Bury', NULL, 'M2 4WU', 'Nuts', NULL, 4, 65, 46, 'Nut allergy'),
(71, 'Miss', 'Luna', 'Brown', '2015-04-01', '97 Maple Avenue', 'Manchester', NULL, 'OL1 1QQ', NULL, 'Hib', 4, 33, 29, 'April Fool baby'),
(72, 'Master', 'Arlo', 'Hall', '2015-08-08', '133 Sycamore Rise', 'Oldham', NULL, 'M2 4WU', NULL, 'DTap', 4, 37, 71, 'Summer born'),
(73, 'Miss', 'Mila', 'Rodriguez', '2014-01-05', '54 Sycamore Rise', 'Bolton', NULL, 'M5 3DH', NULL, 'Varicella', 5, 51, 64, 'Bilingual'),
(74, 'Master', 'Harry', 'Smith', '2014-07-19', '146 Maple Avenue', 'Bolton', NULL, 'M5 3DH', NULL, 'PCV', 5, 24, 62, 'Tech whiz'),
(75, 'Mr', 'Elijah', 'Jackson', '2014-03-22', '130 Sycamore Rise', 'Oldham', NULL, 'BL1 2AB', NULL, 'Hep A', 5, 44, 53, 'Sports captain'),
(76, 'Miss', 'Grace', 'Lee', '2014-12-25', '16 Oak Street', 'Manchester', NULL, 'BL1 2AB', NULL, 'MenB', 5, 25, NULL, 'Christmas baby'),
(77, 'Master', 'Logan', 'Thomas', '2014-06-30', '76 Elm Street', 'Bolton', NULL, 'M3 3GG', NULL, 'Tdap', 5, 18, 27, 'School council'),
(78, 'Miss', 'Daisy', 'Walker', '2013-04-15', '12 Beech Crescent', 'Manchester', NULL, 'OL1 1QQ', NULL, 'HPV', 6, 21, 31, 'Head girl'),
(79, 'Master', 'George', 'Hall', '2013-09-01', '133 Sycamore Rise', 'Oldham', NULL, 'M2 4WU', NULL, 'MMR', 6, 37, 71, 'Prefect'),
(80, 'Mr', 'Jacob', 'Lewis', '2013-11-12', '103 Willow Close', 'Bolton', NULL, 'OL6 7TP', 'Asthma', 'Flu', 6, 49, 45, 'Needs inhaler'),
(81, 'Miss', 'Rosie', 'Garcia', '2013-02-28', '10 Pine Lane', 'Rochdale', NULL, 'OL6 7TP', NULL, 'DTap', 6, 38, 34, 'Drama club'),
(82, 'Master', 'Arthur', 'Taylor', '2013-07-04', '125 Maple Avenue', 'Bury', NULL, 'OL1 1QQ', NULL, 'Hep B', 6, 29, NULL, 'Cricket team'),
(83, 'Master', 'Adam', 'Martin', '2016-06-15', '119 Oak Street', 'Oldham', NULL, 'M2 4WU', 'Pollen', 'All Standard Vaccinations', 3, 17, 70, 'Excellent at rugby'),
(84, 'Mr', 'Mo', 'Farah', '2021-04-02', 'ubay ibn muath al ansari', '', '', '1111', '', '', 6, 19, NULL, '');

-- --------------------------------------------------------

--
-- Table structure for table `teachers`
--

CREATE TABLE `teachers` (
  `TeacherID` int(11) NOT NULL,
  `ClassID` int(11) DEFAULT NULL,
  `Title` varchar(10) DEFAULT NULL,
  `FirstName` varchar(50) NOT NULL,
  `Surname` varchar(50) NOT NULL,
  `Address_Line1` varchar(100) DEFAULT NULL,
  `Address_Line2` varchar(100) DEFAULT NULL,
  `Address_Line3` varchar(100) DEFAULT NULL,
  `Postcode` varchar(10) DEFAULT NULL,
  `ContactNumber` varchar(15) DEFAULT NULL,
  `EmailAddress` varchar(100) DEFAULT NULL,
  `Salary` int(11) DEFAULT NULL,
  `Notes` text DEFAULT NULL
) ENGINE=InnoDB DEFAULT CHARSET=utf8mb4 COLLATE=utf8mb4_general_ci;

--
-- Dumping data for table `teachers`
--

INSERT INTO `teachers` (`TeacherID`, `ClassID`, `Title`, `FirstName`, `Surname`, `Address_Line1`, `Address_Line2`, `Address_Line3`, `Postcode`, `ContactNumber`, `EmailAddress`, `Salary`, `Notes`) VALUES
(1, 1, 'Mr', 'john', 'paul', NULL, NULL, NULL, NULL, '07876202400', 'hassanoficial187@gmail.com', 25450, NULL),
(3, 2, 'Mrs', 'Farah', 'Shams', NULL, NULL, NULL, NULL, '07834573627', 'Farah1@gmail.com', 19850, NULL),
(4, 3, 'Mrs', 'Mya ', 'Mills', NULL, NULL, NULL, NULL, '07888258686', 'Myamills12@gmail.com', 45000, NULL),
(5, 4, 'Dr', 'Mark', 'Henry', NULL, NULL, NULL, NULL, '07824342400', 'mhenry@gmail.com', 30000, NULL),
(6, 5, 'Ms', 'Layla', 'Jennings', NULL, NULL, NULL, NULL, '07446474340', 'ljennings@gmail.ccom', 40000, NULL),
(8, 8, 'Dr', 'Luka', 'Doncic', NULL, NULL, NULL, NULL, '07873447364', 'ldoncic@gmail.com', 35950, NULL),
(9, 6, 'Mr', 'Mr Gilbert ', 'Areans	', NULL, NULL, NULL, NULL, '07876212200', 'gilbert@gmail.com', 20, NULL);

--
-- Indexes for dumped tables
--

--
-- Indexes for table `administrators`
--
ALTER TABLE `administrators`
  ADD PRIMARY KEY (`id`),
  ADD UNIQUE KEY `username` (`username`);

--
-- Indexes for table `attendance`
--
ALTER TABLE `attendance`
  ADD PRIMARY KEY (`AttendanceID`),
  ADD KEY `PupilID` (`PupilID`),
  ADD KEY `ClassID` (`ClassID`);

--
-- Indexes for table `books`
--
ALTER TABLE `books`
  ADD PRIMARY KEY (`BookID`),
  ADD KEY `fk_bookedby_pupil` (`BookedBy`);

--
-- Indexes for table `classes`
--
ALTER TABLE `classes`
  ADD PRIMARY KEY (`ClassID`),
  ADD UNIQUE KEY `ClassName` (`ClassName`);

--
-- Indexes for table `guardian`
--
ALTER TABLE `guardian`
  ADD PRIMARY KEY (`GuardianID`);

--
-- Indexes for table `pupils`
--
ALTER TABLE `pupils`
  ADD PRIMARY KEY (`PupilID`),
  ADD KEY `ClassID` (`ClassID`),
  ADD KEY `Parent1ID` (`Guardian1ID`),
  ADD KEY `Parent2ID` (`Guardian2ID`);

--
-- Indexes for table `teachers`
--
ALTER TABLE `teachers`
  ADD PRIMARY KEY (`TeacherID`),
  ADD UNIQUE KEY `ClassID` (`ClassID`);

--
-- AUTO_INCREMENT for dumped tables
--

--
-- AUTO_INCREMENT for table `administrators`
--
ALTER TABLE `administrators`
  MODIFY `id` int(11) NOT NULL AUTO_INCREMENT, AUTO_INCREMENT=2;

--
-- AUTO_INCREMENT for table `attendance`
--
ALTER TABLE `attendance`
  MODIFY `AttendanceID` int(11) NOT NULL AUTO_INCREMENT, AUTO_INCREMENT=2777;

--
-- AUTO_INCREMENT for table `books`
--
ALTER TABLE `books`
  MODIFY `BookID` int(11) NOT NULL AUTO_INCREMENT, AUTO_INCREMENT=22;

--
-- AUTO_INCREMENT for table `classes`
--
ALTER TABLE `classes`
  MODIFY `ClassID` int(11) NOT NULL AUTO_INCREMENT, AUTO_INCREMENT=9;

--
-- AUTO_INCREMENT for table `guardian`
--
ALTER TABLE `guardian`
  MODIFY `GuardianID` int(11) NOT NULL AUTO_INCREMENT, AUTO_INCREMENT=77;

--
-- AUTO_INCREMENT for table `pupils`
--
ALTER TABLE `pupils`
  MODIFY `PupilID` int(11) NOT NULL AUTO_INCREMENT, AUTO_INCREMENT=85;

--
-- AUTO_INCREMENT for table `teachers`
--
ALTER TABLE `teachers`
  MODIFY `TeacherID` int(11) NOT NULL AUTO_INCREMENT, AUTO_INCREMENT=10;

--
-- Constraints for dumped tables
--

--
-- Constraints for table `attendance`
--
ALTER TABLE `attendance`
  ADD CONSTRAINT `attendance_ibfk_1` FOREIGN KEY (`PupilID`) REFERENCES `pupils` (`PupilID`),
  ADD CONSTRAINT `attendance_ibfk_2` FOREIGN KEY (`ClassID`) REFERENCES `classes` (`ClassID`);

--
-- Constraints for table `books`
--
ALTER TABLE `books`
  ADD CONSTRAINT `fk_bookedby_pupil` FOREIGN KEY (`BookedBy`) REFERENCES `pupils` (`PupilID`) ON DELETE SET NULL;

--
-- Constraints for table `pupils`
--
ALTER TABLE `pupils`
  ADD CONSTRAINT `pupils_ibfk_1` FOREIGN KEY (`ClassID`) REFERENCES `classes` (`ClassID`),
  ADD CONSTRAINT `pupils_ibfk_2` FOREIGN KEY (`Guardian1ID`) REFERENCES `guardian` (`GuardianID`),
  ADD CONSTRAINT `pupils_ibfk_3` FOREIGN KEY (`Guardian2ID`) REFERENCES `guardian` (`GuardianID`);

--
-- Constraints for table `teachers`
--
ALTER TABLE `teachers`
  ADD CONSTRAINT `teachers_ibfk_1` FOREIGN KEY (`ClassID`) REFERENCES `classes` (`ClassID`);
COMMIT;

/*!40101 SET CHARACTER_SET_CLIENT=@OLD_CHARACTER_SET_CLIENT */;
/*!40101 SET CHARACTER_SET_RESULTS=@OLD_CHARACTER_SET_RESULTS */;
/*!40101 SET COLLATION_CONNECTION=@OLD_COLLATION_CONNECTION */;
